date,value,giatritrungbinh,Unnamed: 3,Unnamed: 4,Unnamed: 5,Unnamed: 6,Unnamed: 7,Unnamed: 8,Unnamed: 9,Unnamed: 10,Unnamed: 11
2016-01-01,54.67,,,,,,,,,,
2016-01-02,33.79,,,,,,,,,,
2016-01-03,40.98,,,,,,,,,,
2016-01-04,35.69,,,,,,,,,,
2016-01-05,30.33,,,,,,,,,,
2016-01-06,33.05,,,,,,,,,,
2016-01-07,31.02,,,,,,,,,,
2016-01-08,29.27,,,,,,,,,,
2016-01-09,24.23,,,,,,,,,,
2016-01-10,34.42,,,,,,,,,,
2016-01-11,26.95,,,,,,,,,,
2016-01-12,27.7,,,,,,,,,,
2016-01-13,22.88,,,,,,,,,,
2016-01-14,28.91,,,,,,,,,,
2016-01-15,38.84,,,,,,,,,,
2016-01-16,24.63,,,,,,,,,,
2016-01-17,31.15,,,,,,,,,,
2016-01-18,29.02,,,,,,,,,,
2016-01-19,20.96,,,,,,,,,,
2016-01-20,20.48,,,,,,,,,,
2016-01-21,20.08,,,,,,,,,,
2016-01-22,23.78,,,,,,,,,,
2016-01-23,38.88,,,,,,,,,,
2016-01-24,40.51,,,,,,,,,,
2016-01-25,25.35,,,,,,,,,,
2016-01-26,78.96,,,,,,,,,,
2016-01-27,94.17,,,,,,,,,,
2016-01-28,68.36,,,,,,,,,,
2016-01-29,49.37,,,,,,,,,,
2016-01-30,40.87,,,,,,,,,,
2016-01-31,41.52,,,,,,,,,,
2016-02-01,32.45,,,,,,,,,,
2016-02-02,32.72,,,,,,,,,,
2016-02-03,23.28,,,,,,,,,,
2016-02-04,29.09,,,,,,,,,,
2016-02-05,33.53,,,,,,,,,,
2016-02-06,34.07,,,,,,,,,,
2016-02-07,36.33,,,,,,,,,,
2016-02-08,23.23,,,,,,,,,,
2016-02-09,25.18,,,,,,,,,,
2016-02-10,34.51,,,,,,,,,,
2016-02-11,30.88,,,,,,,,,,
2016-02-12,17.84,,,,,,,,,,
2016-02-13,27.61,,,,,,,,,,
2016-02-14,20.48,,,,,,,,,,
2016-02-15,22.61,,,,,,,,,,
2016-02-16,31.19,,,,,,,,,,
2016-02-17,18.63,,,,,,,,,,
2016-02-18,31.85,,,,,,,,,,
2016-02-19,31.53,,,,,,,,,,
2016-02-20,24.77,,,,,,,,,,
2016-02-21,33.42,,,,,,,,,,
2016-02-22,27.08,,,,,,,,,,
2016-02-23,25.46,,,,,,,,,,
2016-02-24,32.35,,,,,,,,,,
2016-02-25,55.51,,,,,,,,,,
2016-02-26,30.15,,,,,,,,,,
2016-02-27,36.22,,,,,,,,,,
2016-02-28,27.47,,,,,,,,,,
2016-02-29,45.29,,,,,,,,,,
2016-03-01,15.78,,,,,,,,,,
2016-03-02,15.83,,,,,,,,,,
2016-03-03,25.9,,,,,,,,,,
2016-03-04,21.62,,,,,,,,,,
2016-03-05,22.2,,,,,,,,,,
2016-03-06,32.09,,,,,,,,,,
2016-03-07,26.18,,,,,,,,,,
2016-03-08,25.68,,,,,,,,,,
2016-03-09,21.04,,,,,,,,,,
2016-03-10,14.63,,,,,,,,,,
2016-03-11,15.63,,,,,,,,,,
2016-03-12,15.37,,,,,,,,,,
2016-03-13,12.63,,,,,,,,,,
2016-03-14,12.56,,,,,,,,,,
2016-03-15,13.77,,,,,,,,,,
2016-03-16,15.36,,,,,,,,,,
2016-03-17,12.82,,,,,,,,,,
2016-03-18,22.4,,,,,,,,,,
2016-03-19,21.65,,,,,,,,,,
2016-03-20,14.6,,,,,,,,,,
2016-03-21,11.3,,,,,,,,,,
2016-03-22,13.7,,,,,,,,,,
2016-03-23,12.8,,,,,,,,,,
2016-03-24,40.2,,,,,,,,,,
2016-03-25,47.3,,,,,,,,,,
2016-03-26,34.4,,,,,,,,,,
2016-03-27,23.4,,,,,,,,,,
2016-03-28,20.9,,,,,,,,,,
2016-03-29,19.72,,,,,,,,,,
2016-03-30,16.9,,,,,,,,,,
2016-03-31,18.7,,,,,,,,,,
2016-04-01,14.72,,,,,,,,,,
2016-04-02,17.12,,,,,,,,,,
2016-04-03,21.87,,,,,,,,,,
2016-04-04,21.87,,,,,,,,,,
2016-04-05,12.95,,,,,,,,,,
2016-04-06,22.8,,,,,,,,,,
2016-04-07,29.64,,,,,,,,,,
2016-04-08,14.6,,,,,,,,,,
2016-04-09,20.29,,,,,,,,,,
2016-04-10,20.66,,,,,,,,,,
2016-04-11,18.87,,,,,,,,,,
2016-04-12,20.48,,,,,,,,,,
2016-04-13,12.36,,,,,,,,,,
2016-04-14,11.47,,,,,,,,,,
2016-04-15,10.79,,,,,,,,,,
2016-04-16,18.7,,,,,,,,,,
2016-04-17,22.09,,,,,,,,,,
2016-04-18,16.77,,,,,,,,,,
2016-04-19,24.65,,,,,,,,,,
2016-04-20,76.28,,,,,,,,,,
2016-04-21,68.67,,,,,,,,,,
2016-04-22,384.64,,,,,,,,,,
2016-04-23,141.9,,,,,,,,,,
2016-04-24,78.17,,,,,,,,,,
2016-04-25,85.09,,,,,,,,,,
2016-04-26,45.18,,,,,,,,,,
2016-04-27,33.38,,,,,,,,,,
2016-04-28,27.3,,,,,,,,,,
2016-04-29,64.6,,,,,,,,,,
2016-04-30,43.02,,,,,,,,,,
2016-05-01,28.86,,,,,,,,,,
2016-05-02,30.17,,,,,,,,,,
2016-05-03,30.17,,,,,,,,,,
2016-05-04,21.03,,,,,,,,,,
2016-05-05,24.32,,,,,,,,,,
2016-05-06,21.78,,,,,,,,,,
2016-05-07,19.68,,,,,,,,,,
2016-05-08,22.15,,,,,,,,,,
2016-05-09,18.88,,,,,,,,,,
2016-05-10,18.88,,,,,,,,,,
2016-05-11,20.62,,,,,,,,,,
2016-05-12,22.82,,,,,,,,,,
2016-05-13,19.7,,,,,,,,,,
2016-05-14,20.5,,,,,,,,,,
2016-05-15,33.66,,,,,,,,,,
2016-05-16,14.88,,,,,,,,,,
2016-05-17,91.09433333,,,,,,,,,,
2016-05-18,19.81,,,,,,,,,,
2016-05-19,19.82,,,,,,,,,,
2016-05-20,12.83,,,,,,,,,,
2016-05-21,18.8,,,,,,,,,,
2016-05-22,46.12,,,,,,,,,,
2016-05-23,281.23,,,,,,,,,,
2016-05-24,138.68,,,,,,,,,,
2016-05-25,482.89,,,,,,,,,,
2016-05-26,254.8,,,,,,,,,,
2016-05-27,348.9,,,,,,,,,,
2016-05-28,168.17,,,,,,,,,,
2016-05-29,128.83,,,,,,,,,,
2016-05-30,211.09,,,,,,,,,,
2016-05-31,232.76,,,,,,,,,,
2016-06-01,250.12,,,,,,,,,,
2016-06-02,152.73,,,,,,,,,,
2016-06-03,150.34,,,,,,,,,,
2016-06-04,182.23,,,,,,,,,,
2016-06-05,316.21,,,,,,,,,,
2016-06-06,344.35,,,,,,,,,,
2016-06-07,190.82,,,,,,,,,,
2016-06-08,337.93,,,,,,,,,,
2016-06-09,286.95,,,,,,,,,,
2016-06-10,318.07,,,,,,,,,,
2016-06-11,200.52,,,,,,,,,,
2016-06-12,207.61,,,,,,,,,,
2016-06-13,194.16,,,,,,,,,,
2016-06-14,159.32,,,,,,,,,,
2016-06-15,146.76,,,,,,,,,,
2016-06-16,324.13,,,,,,,,,,
2016-06-17,258.61,,,,,,,,,,
2016-06-18,217.84,,,,,,,,,,
2016-06-19,204.22,,,,,,,,,,
2016-06-20,197.55,,,,,,,,,,
2016-06-21,258.41,,,,,,,,,,
2016-06-22,202.92,,,,,,,,,,
2016-06-23,142.06,,,,,,,,,,
2016-06-24,151.95,,,,,,,,,,
2016-06-25,217.93,,,,,,,,,,
2016-06-26,166.6,,,,,,,,,,
2016-06-27,118.3,,,,,,,,,,
2016-06-28,100.58,,,,,,,,,,
2016-06-29,70.75,,,,,,,,,,
2016-06-30,77.51,,,,,,,,,,
2016-07-01,419.61,,,,,,,,,,
2016-07-02,393.11,,,,,,,,,,
2016-07-03,602.12,,,,,,,,,,
2016-07-04,471.77,,,,,,,,,,
2016-07-05,293.81,,,,,,,,,,
2016-07-06,280.51,,,,,,,,,,
2016-07-07,224.62,,,,,,,,,,
2016-07-08,158.17,,,,,,,,,,
2016-07-09,132.13,,,,,,,,,,
2016-07-10,110.9,,,,,,,,,,
2016-07-11,106.8,,,,,,,,,,
2016-07-12,176.4,,,,,,,,,,
2016-07-13,157.3,,,,,,,,,,
2016-07-14,381.3,,,,,,,,,,
2016-07-15,267.0,,,,,,,,,,
2016-07-16,242.9,,,,,,,,,,
2016-07-17,195.7,,,,,,,,,,
2016-07-18,161.7,,,,,,,,,,
2016-07-19,227.2,,,,,,,,,,
2016-07-20,219.3,,,,,,,,,,
2016-07-21,251.9,,,,,,,,,,
2016-07-22,206.2,,,,,,,,,,
2016-07-23,107.0,,,,,,,,,,
2016-07-24,129.23,,,,,,,,,,
2016-07-25,105.6,,,,,,,,,,
2016-07-26,91.04,,,,,,,,,,
2016-07-27,82.03,,,,,,,,,,
2016-07-28,117.71,,,,,,,,,,
2016-07-29,458.93,,,,,,,,,,
2016-07-30,403.75,,,,,,,,,,
2016-07-31,185.2,,,,,,,,,,
2016-08-01,130.81,,,,,,,,,,
2016-08-02,117.54,,,,,,,,,,
2016-08-03,140.04,,,,,,,,,,
2016-08-04,486.55,,,,,,,,,,
2016-08-05,488.29,,,,,,,,,,
2016-08-06,262.81,,,,,,,,,,
2016-08-07,285.14,,,,,,,,,,
2016-08-08,247.31,,,,,,,,,,
2016-08-09,190.32,,,,,,,,,,
2016-08-10,226.43,,,,,,,,,,
2016-08-11,312.03,,,,,,,,,,
2016-08-12,244.28,,,,,,,,,,
2016-08-13,171.38,,,,,,,,,,
2016-08-14,477.01,,,,,,,,,,
2016-08-15,280.7,,,,,,,,,,
2016-08-16,212.13,,,,,,,,,,
2016-08-17,175.85,,,,,,,,,,
2016-08-18,148.09,,,,,,,,,,
2016-08-19,421.87,,,,,,,,,,
2016-08-20,840.63,,,,,,,,,,
2016-08-21,306.02,,,,,,,,,,
2016-08-22,240.2,,,,,,,,,,
2016-08-23,207.15,,,,,,,,,,
2016-08-24,262.79,,,,,,,,,,
2016-08-25,145.35,,,,,,,,,,
2016-08-26,117.65,,,,,,,,,,
2016-08-27,118.01,,,,,,,,,,
2016-08-28,112.08,,,,,,,,,,
2016-08-29,97.1,,,,,,,,,,
2016-08-30,89.43,,,,,,,,,,
2016-08-31,156.75,,,,,,,,,,
2016-09-01,148.95,,,,,,,,,,
2016-09-02,476.13,,,,,,,,,,
2016-09-03,239.57,,,,,,,,,,
2016-09-04,269.22,,,,,,,,,,
2016-09-05,195.25,,,,,,,,,,
2016-09-06,144.73,,,,,,,,,,
2016-09-07,156.84,,,,,,,,,,
2016-09-08,186.41,,,,,,,,,,
2016-09-09,562.64,,,,,,,,,,
2016-09-10,403.58,,,,,,,,,,
2016-09-11,260.89,,,,,,,,,,
2016-09-12,197.21,,,,,,,,,,
2016-09-13,173.58,,,,,,,,,,
2016-09-14,173.58,,,,,,,,,,
2016-09-15,129.34,,,,,,,,,,
2016-09-16,172.78,,,,,,,,,,
2016-09-17,177.83,,,,,,,,,,
2016-09-18,208.28,,,,,,,,,,
2016-09-19,133.29,,,,,,,,,,
2016-09-20,135.59,,,,,,,,,,
2016-09-21,95.2,,,,,,,,,,
2016-09-22,99.04,,,,,,,,,,
2016-09-23,86.93,,,,,,,,,,
2016-09-24,84.49,,,,,,,,,,
2016-09-25,83.13,,,,,,,,,,
2016-09-26,76.62,,,,,,,,,,
2016-09-27,77.06,,,,,,,,,,
2016-09-28,74.08,,,,,,,,,,
2016-09-29,63.93,,,,,,,,,,
2016-09-30,60.77,,,,,,,,,,
2016-10-01,59.94,,,,,,,,,,
2016-10-02,59.44,,,,,,,,,,
2016-10-03,53.67,,,,,,,,,,
2016-10-04,54.33,,,,,,,,,,
2016-10-05,52.41,,,,,,,,,,
2016-10-06,47.91,,,,,,,,,,
2016-10-07,47.27,,,,,,,,,,
2016-10-08,46.63,,,,,,,,,,
2016-10-09,42.78,,,,,,,,,,
2016-10-10,47.18,,,,,,,,,,
2016-10-11,42.25,,,,,,,,,,
2016-10-12,45.55,,,,,,,,,,
2016-10-13,45.53,,,,,,,,,,
2016-10-14,37.05,,,,,,,,,,
2016-10-15,40.31,,,,,,,,,,
2016-10-16,39.66,,,,,,,,,,
2016-10-17,35.08,,,,,,,,,,
2016-10-18,39.01,,,,,,,,,,
2016-10-19,38.36,,,,,,,,,,
2016-10-20,39.02,,,,,,,,,,
2016-10-21,28.35,,,,,,,,,,
2016-10-22,33.79,,,,,,,,,,
2016-10-23,27.91,,,,,,,,,,
2016-10-24,29.87,,,,,,,,,,
2016-10-25,40.34,,,,,,,,,,
2016-10-26,46.26,,,,,,,,,,
2016-10-27,32.5,,,,,,,,,,
2016-10-28,33.81,,,,,,,,,,
2016-10-29,28.6,,,,,,,,,,
2016-10-30,27.28,,,,,,,,,,
2016-10-31,28.3,,,,,,,,,,
2016-11-01,22.31,,,,,,,,,,
2016-11-02,31.64,,,,,,,,,,
2016-11-03,26.25,,,,,,,,,,
2016-11-04,28.22,,,,,,,,,,
2016-11-05,25.65,,,,,,,,,,
2016-11-06,26.99,,,,,,,,,,
2016-11-07,26.99,,,,,,,,,,
2016-11-08,44.0,,,,,,,,,,
2016-11-09,171.66,,,,,,,,,,
2016-11-10,196.34,,,,,,,,,,
2016-11-11,88.5,,,,,,,,,,
2016-11-12,84.38,,,,,,,,,,
2016-11-13,69.62,,,,,,,,,,
2016-11-14,45.52,,,,,,,,,,
2016-11-15,46.15,,,,,,,,,,
2016-11-16,32.74,,,,,,,,,,
2016-11-17,33.64,,,,,,,,,,
2016-11-18,35.01,,,,,,,,,,
2016-11-19,31.61,,,,,,,,,,
2016-11-20,24.15,,,,,,,,,,
2016-11-21,26.87,,,,,,,,,,
2016-11-22,26.82,,,,,,,,,,
2016-11-23,24.5,,,,,,,,,,
2016-11-24,24.75,,,,,,,,,,
2016-11-25,21.31,,,,,,,,,,
2016-11-26,22.8,,,,,,,,,,
2016-11-27,20.09,,,,,,,,,,
2016-11-28,19.41,,,,,,,,,,
2016-11-29,19.84,,,,,,,,,,
2016-11-30,19.84,,,,,,,,,,
2016-12-01,22.14,,,,,,,,,,
2016-12-02,20.79,,,,,,,,,,
2016-12-03,18.07,,,,,,,,,,
2016-12-04,17.44,,,,,,,,,,
2016-12-05,18.07,,,,,,,,,,
2016-12-06,18.79,,,,,,,,,,
2016-12-07,15.39,,,,,,,,,,
2016-12-08,18.76,,,,,,,,,,
2016-12-09,16.72,,,,,,,,,,
2016-12-10,18.83,,,,,,,,,,
2016-12-11,14.12,,,,,,,,,,
2016-12-12,20.4,,,,,,,,,,
2016-12-13,19.04,,,,,,,,,,
2016-12-14,14.22,,,,,,,,,,
2016-12-15,13.53,,,,,,,,,,
2016-12-16,11.41,,,,,,,,,,
2016-12-17,14.22,,,,,,,,,,
2016-12-18,14.27,,,,,,,,,,
2016-12-19,17.03,,,,,,,,,,
2016-12-20,18.39,,,,,,,,,,
2016-12-21,14.92,,,,,,,,,,
2016-12-22,21.16,,,,,,,,,,
2016-12-23,19.77,,,,,,,,,,
2016-12-24,10.38,,,,,,,,,,
2016-12-25,14.2,,,,,,,,,,
2016-12-26,15.2,,,,,,,,,,
2016-12-27,13.13,,,,,,,,,,
2016-12-28,14.27,,,,,,,,,,
2016-12-29,11.5,,,,,,,,,,
2016-12-30,11.5,,,,,,,,,,
2016-12-31,10.78,,,,,,,,,,
2017-01-01,12.08,,,,,,,,,,
2017-01-02,19.69,,,,,,,,,,
2017-01-03,18.31,,,,,,,,,,
2017-01-04,20.19,,,,,,,,,,
2017-01-05,34.2,,,,,,,,,,
2017-01-06,40.39,,,,,,,,,,
2017-01-07,29.88,,,,,,,,,,
2017-01-08,22.29,,,,,,,,,,
2017-01-09,21.93,,,,,,,,,,
2017-01-10,62.15,,,,,,,,,,
2017-01-11,96.63,,,,,,,,,,
2017-01-12,187.35,,,,,,,,,,
2017-01-13,174.7,,,,,,,,,,
2017-01-14,62.65,,,,,,,,,,
2017-01-15,36.8,,,,,,,,,,
2017-01-16,41.04,,,,,,,,,,
2017-01-17,29.55,,,,,,,,,,
2017-01-18,24.53,,,,,,,,,,
2017-01-19,25.37,,,,,,,,,,
2017-01-20,22.3,,,,,,,,,,
2017-01-21,18.23,,,,,,,,,,
2017-01-22,18.3,,,,,,,,,,
2017-01-23,19.8,,,,,,,,,,
2017-01-24,19.03,,,,,,,,,,
2017-01-25,18.42,,,,,,,,,,
2017-01-26,19.11,,,,,,,,,,
2017-01-27,14.3,,,,,,,,,,
2017-01-28,14.3,,,,,,,,,,
2017-01-29,19.15,,,,,,,,,,
2017-01-30,19.15,,,,,,,,,,
2017-01-31,18.46,,,,,,,,,,
2017-02-01,18.68,,,,,,,,,,
2017-02-02,13.38,,,,,,,,,,
2017-02-03,27.75,,,,,,,,,,
2017-02-04,50.49,,,,,,,,,,
2017-02-05,20.76,,,,,,,,,,
2017-02-06,26.17,,,,,,,,,,
2017-02-07,23.17,,,,,,,,,,
2017-02-08,17.8,,,,,,,,,,
2017-02-09,16.43,,,,,,,,,,
2017-02-10,18.31,,,,,,,,,,
2017-02-11,10.1,,,,,,,,,,
2017-02-12,17.54,,,,,,,,,,
2017-02-13,17.24,,,,,,,,,,
2017-02-14,12.33,,,,,,,,,,
2017-02-15,14.73,,,,,,,,,,
2017-02-16,17.56,,,,,,,,,,
2017-02-17,14.98,,,,,,,,,,
2017-02-18,19.12,,,,,,,,,,
2017-02-19,17.78,,,,,,,,,,
2017-02-20,15.75,,,,,,,,,,
2017-02-21,11.85,,,,,,,,,,
2017-02-22,11.88,,,,,,,,,,
2017-02-23,18.2,,,,,,,,,,
2017-02-24,15.75,,,,,,,,,,
2017-02-25,13.06,,,,,,,,,,
2017-02-26,8.86,,,,,,,,,,
2017-02-27,14.5,,,,,,,,,,
2017-02-28,22.74,,,,,,,,,,
2017-03-01,19.95,,,,,,,,,,
2017-03-02,21.03,,,,,,,,,,
2017-03-03,20.23,,,,,,,,,,
2017-03-04,15.58,,,,,,,,,,
2017-03-05,12.06,,,,,,,,,,
2017-03-06,17.67,,,,,,,,,,
2017-03-07,18.42,,,,,,,,,,
2017-03-08,17.57,,,,,,,,,,
2017-03-09,48.23,,,,,,,,,,
2017-03-10,45.12,,,,,,,,,,
2017-03-11,33.68,,,,,,,,,,
2017-03-12,12.52,,,,,,,,,,
2017-03-13,24.36,,,,,,,,,,
2017-03-14,15.77,,,,,,,,,,
2017-03-15,11.84,,,,,,,,,,
2017-03-16,13.97,,,,,,,,,,
2017-03-17,17.67,,,,,,,,,,
2017-03-18,23.29,,,,,,,,,,
2017-03-19,69.01,,,,,,,,,,
2017-03-20,19.69,,,,,,,,,,
2017-03-21,11.17,,,,,,,,,,
2017-03-22,34.86,,,,,,,,,,
2017-03-23,12.25,,,,,,,,,,
2017-03-24,20.66,,,,,,,,,,
2017-03-25,26.13,,,,,,,,,,
2017-03-26,63.85,,,,,,,,,,
2017-03-27,56.75,,,,,,,,,,
2017-03-28,55.03,,,,,,,,,,
2017-03-29,67.24,,,,,,,,,,
2017-03-30,64.87,,,,,,,,,,
2017-03-31,192.37,,,,,,,,,,
2017-04-01,83.53,,,,,,,,,,
2017-04-02,49.56,,,,,,,,,,
2017-04-03,44.05,,,,,,,,,,
2017-04-04,47.97,,,,,,,,,,
2017-04-05,29.49,,,,,,,,,,
2017-04-06,39.2,,,,,,,,,,
2017-04-07,26.95,,,,,,,,,,
2017-04-08,22.24,,,,,,,,,,
2017-04-09,16.83,,,,,,,,,,
2017-04-10,31.09,,,,,,,,,,
2017-04-11,20.44,,,,,,,,,,
2017-04-12,20.1,,,,,,,,,,
2017-04-13,27.0,,,,,,,,,,
2017-04-14,26.43,,,,,,,,,,
2017-04-15,19.81,,,,,,,,,,
2017-04-16,23.27,,,,,,,,,,
2017-04-17,13.38,,,,,,,,,,
2017-04-18,83.14,,,,,,,,,,
2017-04-19,81.19,,,,,,,,,,
2017-04-20,38.78,,,,,,,,,,
2017-04-21,24.77,,,,,,,,,,
2017-04-22,51.77,,,,,,,,,,
2017-04-23,67.35,,,,,,,,,,
2017-04-24,76.72,,,,,,,,,,
2017-04-25,64.27,,,,,,,,,,
2017-04-26,66.9,,,,,,,,,,
2017-04-27,73.22,,,,,,,,,,
2017-04-28,64.23,,,,,,,,,,
2017-04-29,48.09,,,,,,,,,,
2017-04-30,41.64,,,,,,,,,,
2017-05-01,34.71,,,,,,,,,,
2017-05-02,28.05,,,,,,,,,,
2017-05-03,24.36,,,,,,,,,,
2017-05-04,22.54,,,,,,,,,,
2017-05-05,21.93,,,,,,,,,,
2017-05-06,50.51,,,,,,,,,,
2017-05-07,30.85,,,,,,,,,,
2017-05-08,39.19,,,,,,,,,,
2017-05-09,27.1,,,,,,,,,,
2017-05-10,20.94,,,,,,,,,,
2017-05-11,27.87,,,,,,,,,,
2017-05-12,17.44,,,,,,,,,,
2017-05-13,26.43,,,,,,,,,,
2017-05-14,19.37,,,,,,,,,,
2017-05-15,83.12,,,,,,,,,,
2017-05-16,37.85,,,,,,,,,,
2017-05-17,26.81,,,,,,,,,,
2017-05-18,71.33,,,,,,,,,,
2017-05-19,100.89,,,,,,,,,,
2017-05-20,68.27,,,,,,,,,,
2017-05-21,53.9,,,,,,,,,,
2017-05-22,57.07,,,,,,,,,,
2017-05-23,41.07,,,,,,,,,,
2017-05-24,241.57,,,,,,,,,,
2017-05-25,153.09,,,,,,,,,,
2017-05-26,77.46,,,,,,,,,,
2017-05-27,52.75,,,,,,,,,,
2017-05-28,41.58,,,,,,,,,,
2017-05-29,36.53,,,,,,,,,,
2017-05-30,38.32,,,,,,,,,,
2017-05-31,37.49,,,,,,,,,,
2017-06-01,33.06,,,,,,,,,,
2017-06-02,22.92,,,,,,,,,,
2017-06-03,27.84,,,,,,,,,,
2017-06-04,37.09,,,,,,,,,,
2017-06-05,29.31,,,,,,,,,,
2017-06-06,37.76,,,,,,,,,,
2017-06-07,34.65,,,,,,,,,,
2017-06-08,35.17,,,,,,,,,,
2017-06-09,26.54,,,,,,,,,,
2017-06-10,60.88,,,,,,,,,,
2017-06-11,89.05,,,,,,,,,,
2017-06-12,153.74,,,,,,,,,,
2017-06-13,298.05,,,,,,,,,,
2017-06-14,290.54,,,,,,,,,,
2017-06-15,212.07,,,,,,,,,,
2017-06-16,263.02,,,,,,,,,,
2017-06-17,197.79,,,,,,,,,,
2017-06-18,646.56,,,,,,,,,,
2017-06-19,704.18,,,,,,,,,,
2017-06-20,524.97,,,,,,,,,,
2017-06-21,407.32,,,,,,,,,,
2017-06-22,273.44,,,,,,,,,,
2017-06-23,201.19,,,,,,,,,,
2017-06-24,147.38,,,,,,,,,,
2017-06-25,221.93,,,,,,,,,,
2017-06-26,545.64,,,,,,,,,,
2017-06-27,314.64,,,,,,,,,,
2017-06-28,703.54,,,,,,,,,,
2017-06-29,644.21,,,,,,,,,,
2017-06-30,610.11,,,,,,,,,,
2017-07-01,805.77,,,,,,,,,,
2017-07-02,917.32,,,,,,,,,,
2017-07-03,1919.81,,,,,,,,,,
2017-07-04,1389.46,,,,,,,,,,
2017-07-05,766.72,,,,,,,,,,
2017-07-06,773.74,,,,,,,,,,
2017-07-07,847.45,,,,,,,,,,
2017-07-08,834.4,,,,,,,,,,
2017-07-09,982.85,,,,,,,,,,
2017-07-10,824.43,,,,,,,,,,
2017-07-11,442.24,,,,,,,,,,
2017-07-12,415.97,,,,,,,,,,
2017-07-13,313.66,,,,,,,,,,
2017-07-14,890.98,,,,,,,,,,
2017-07-15,348.74,,,,,,,,,,
2017-07-16,243.4,,,,,,,,,,
2017-07-17,421.24,,,,,,,,,,
2017-07-18,359.43,,,,,,,,,,
2017-07-19,418.19,,,,,,,,,,
2017-07-20,313.37,,,,,,,,,,
2017-07-21,377.96,,,,,,,,,,
2017-07-22,311.11,,,,,,,,,,
2017-07-23,209.24,,,,,,,,,,
2017-07-24,188.1,,,,,,,,,,
2017-07-25,181.51,,,,,,,,,,
2017-07-26,165.66,,,,,,,,,,
2017-07-27,126.82,,,,,,,,,,
2017-07-28,117.27,,,,,,,,,,
2017-07-29,102.38,,,,,,,,,,
2017-07-30,96.95,,,,,,,,,,
2017-07-31,185.55,,,,,,,,,,
2017-08-01,126.99,,,,,,,,,,
2017-08-02,467.5,,,,,,,,,,
2017-08-03,348.99,,,,,,,,,,
2017-08-04,279.51,,,,,,,,,,
2017-08-05,316.2,,,,,,,,,,
2017-08-06,303.3,,,,,,,,,,
2017-08-07,255.66,,,,,,,,,,
2017-08-08,252.76,,,,,,,,,,
2017-08-09,300.47,,,,,,,,,,
2017-08-10,359.07,,,,,,,,,,
2017-08-11,298.0,,,,,,,,,,
2017-08-12,323.54,,,,,,,,,,
2017-08-13,244.2,,,,,,,,,,
2017-08-14,266.86,,,,,,,,,,
2017-08-15,606.41,,,,,,,,,,
2017-08-16,496.25,,,,,,,,,,
2017-08-17,759.28,,,,,,,,,,
2017-08-18,418.36,,,,,,,,,,
2017-08-19,300.7,,,,,,,,,,
2017-08-20,233.55,,,,,,,,,,
2017-08-21,232.53,,,,,,,,,,
2017-08-22,174.64,,,,,,,,,,
2017-08-23,193.89,,,,,,,,,,
2017-08-24,423.38,,,,,,,,,,
2017-08-25,473.02,,,,,,,,,,
2017-08-26,303.96,,,,,,,,,,
2017-08-27,206.94,,,,,,,,,,
2017-08-28,215.57,,,,,,,,,,
2017-08-29,316.29,,,,,,,,,,
2017-08-30,262.02,,,,,,,,,,
2017-08-31,322.32,,,,,,,,,,
2017-09-01,320.52,,,,,,,,,,
2017-09-02,289.15,,,,,,,,,,
2017-09-03,308.28,,,,,,,,,,
2017-09-04,269.7,,,,,,,,,,
2017-09-05,385.81,,,,,,,,,,
2017-09-06,448.75,,,,,,,,,,
2017-09-07,339.76,,,,,,,,,,
2017-09-08,425.91,,,,,,,,,,
2017-09-09,345.0,,,,,,,,,,
2017-09-10,363.57,,,,,,,,,,
2017-09-11,310.4,,,,,,,,,,
2017-09-12,251.06,,,,,,,,,,
2017-09-13,275.58,,,,,,,,,,
2017-09-14,242.87,,,,,,,,,,
2017-09-15,174.49,,,,,,,,,,
2017-09-16,260.34,,,,,,,,,,
2017-09-17,191.16,,,,,,,,,,
2017-09-18,160.91,,,,,,,,,,
2017-09-19,138.5,,,,,,,,,,
2017-09-20,132.33,,,,,,,,,,
2017-09-21,156.93,,,,,,,,,,
2017-09-22,175.72,,,,,,,,,,
2017-09-23,114.77,,,,,,,,,,
2017-09-24,107.3,,,,,,,,,,
2017-09-25,96.27,,,,,,,,,,
2017-09-26,128.64,,,,,,,,,,
2017-09-27,104.92,,,,,,,,,,
2017-09-28,111.36,,,,,,,,,,
2017-09-29,80.57,,,,,,,,,,
2017-09-30,84.21,,,,,,,,,,
2017-10-01,89.1,,,,,,,,,,
2017-10-02,191.99,,,,,,,,,,
2017-10-03,122.08,,,,,,,,,,
2017-10-04,90.5,,,,,,,,,,
2017-10-05,81.4,,,,,,,,,,
2017-10-06,76.97,,,,,,,,,,
2017-10-07,84.49,,,,,,,,,,
2017-10-08,72.53,,,,,,,,,,
2017-10-09,77.54,,,,,,,,,,
2017-10-10,145.64,,,,,,,,,,
2017-10-11,357.93,,,,,,,,,,
2017-10-12,145.09,,,,,,,,,,
2017-10-13,116.46,,,,,,,,,,
2017-10-14,97.65,,,,,,,,,,
2017-10-15,61.89,,,,,,,,,,
2017-10-16,87.01,,,,,,,,,,
2017-10-17,77.31,,,,,,,,,,
2017-10-18,70.78,,,,,,,,,,
2017-10-19,58.33,,,,,,,,,,
2017-10-20,59.52,,,,,,,,,,
2017-10-21,62.86,,,,,,,,,,
2017-10-22,165.61,,,,,,,,,,
2017-10-23,155.42,,,,,,,,,,
2017-10-24,123.93,,,,,,,,,,
2017-10-25,113.71,,,,,,,,,,
2017-10-26,89.17,,,,,,,,,,
2017-10-27,87.58,,,,,,,,,,
2017-10-28,78.32,,,,,,,,,,
2017-10-29,66.28,,,,,,,,,,
2017-10-30,61.26,,,,,,,,,,
2017-10-31,105.6116667,,,,,,,,,,
2017-11-01,55.45,,,,,,,,,,
2017-11-02,48.99,,,,,,,,,,
2017-11-03,47.48,,,,,,,,,,
2017-11-04,40.33,,,,,,,,,,
2017-11-05,39.02,,,,,,,,,,
2017-11-06,42.83,,,,,,,,,,
2017-11-07,42.11,,,,,,,,,,
2017-11-08,35.93,,,,,,,,,,
2017-11-09,51.93,,,,,,,,,,
2017-11-10,62.85,,,,,,,,,,
2017-11-11,45.68,,,,,,,,,,
2017-11-12,38.81,,,,,,,,,,
2017-11-13,40.13,,,,,,,,,,
2017-11-14,39.92,,,,,,,,,,
2017-11-15,33.78,,,,,,,,,,
2017-11-16,34.12,,,,,,,,,,
2017-11-17,32.96,,,,,,,,,,
2017-11-18,32.01,,,,,,,,,,
2017-11-19,36.72,,,,,,,,,,
2017-11-20,32.04,,,,,,,,,,
2017-11-21,30.36,,,,,,,,,,
2017-11-22,32.39,,,,,,,,,,
2017-11-23,96.36,,,,,,,,,,
2017-11-24,220.39,,,,,,,,,,
2017-11-25,178.29,,,,,,,,,,
2017-11-26,91.9,,,,,,,,,,
2017-11-27,76.4,,,,,,,,,,
2017-11-28,50.88,,,,,,,,,,
2017-11-29,50.45,,,,,,,,,,
2017-11-30,46.98,,,,,,,,,,
2017-12-01,49.5,,,,,,,,,,
2017-12-02,37.56,,,,,,,,,,
2017-12-03,37.83,,,,,,,,,,
2017-12-04,40.72,,,,,,,,,,
2017-12-05,36.03,,,,,,,,,,
2017-12-06,41.39,,,,,,,,,,
2017-12-07,36.37,,,,,,,,,,
2017-12-08,32.53,,,,,,,,,,
2017-12-09,38.48,,,,,,,,,,
2017-12-10,24.65,,,,,,,,,,
2017-12-11,21.17,,,,,,,,,,
2017-12-12,27.41,,,,,,,,,,
2017-12-13,40.56,,,,,,,,,,
2017-12-14,32.95,,,,,,,,,,
2017-12-15,28.8,,,,,,,,,,
2017-12-16,29.91,,,,,,,,,,
2017-12-17,20.32,,,,,,,,,,
2017-12-18,21.89,,,,,,,,,,
2017-12-19,26.52,,,,,,,,,,
2017-12-20,26.05,,,,,,,,,,
2017-12-21,22.59,,,,,,,,,,
2017-12-22,17.98,,,,,,,,,,
2017-12-23,12.78,,,,,,,,,,
2017-12-24,27.21,,,,,,,,,,
2017-12-25,27.21,,,,,,,,,,
2017-12-26,23.92,,,,,,,,,,
2017-12-27,48.76,,,,,,,,,,
2017-12-28,53.41,,,,,,,,,,
2017-12-29,35.03,,,,,,,,,,
2017-12-30,28.09,,,,,,,,,,
2017-12-31,30.16,,,,,,,,,,
2018-01-01,34.33,,,,,,,,,,
2018-01-02,34.32,,,,,,,,,,
2018-01-03,32.94,,,,,,,,,,
2018-01-04,39.92,,,,,,,,,,
2018-01-05,34.81,,,,,,,,,,
2018-01-06,115.05,,,,,,,,,,
2018-01-07,138.42,,,,,,,,,,
2018-01-08,265.34,,,,,,,,,,
2018-01-09,209.88,,,,,,,,,,
2018-01-10,92.89,,,,,,,,,,
2018-01-11,73.36,,,,,,,,,,
2018-01-12,58.46,,,,,,,,,,
2018-01-13,55.53,,,,,,,,,,
2018-01-14,108.33,,,,,,,,,,
2018-01-15,42.04,,,,,,,,,,
2018-01-16,46.06,,,,,,,,,,
2018-01-17,38.04,,,,,,,,,,
2018-01-18,40.25,,,,,,,,,,
2018-01-19,40.01,,,,,,,,,,
2018-01-20,33.03,,,,,,,,,,
2018-01-21,33.65,,,,,,,,,,
2018-01-22,32.25,,,,,,,,,,
2018-01-23,40.5,,,,,,,,,,
2018-01-24,23.79,,,,,,,,,,
2018-01-25,23.79,,,,,,,,,,
2018-01-26,26.19,,,,,,,,,,
2018-01-27,46.8,,,,,,,,,,
2018-01-28,27.6,,,,,,,,,,
2018-01-29,27.7,,,,,,,,,,
2018-01-30,27.98,,,,,,,,,,
2018-01-31,21.05,,,,,,,,,,
2018-02-01,22.69,,,,,,,,,,
2018-02-02,29.41,,,,,,,,,,
2018-02-03,23.46,,,,,,,,,,
2018-02-04,23.8,,,,,,,,,,
2018-02-05,20.97,,,,,,,,,,
2018-02-06,32.06,,,,,,,,,,
2018-02-07,26.9,,,,,,,,,,
2018-02-08,27.05,,,,,,,,,,
2018-02-09,29.03,,,,,,,,,,
2018-02-10,28.19,,,,,,,,,,
2018-02-11,22.7,,,,,,,,,,
2018-02-12,29.21,,,,,,,,,,
2018-02-13,27.11,,,,,,,,,,
2018-02-14,21.0,,,,,,,,,,
2018-02-15,28.69,,,,,,,,,,
2018-02-16,22.63,,,,,,,,,,
2018-02-17,21.12,,,,,,,,,,
2018-02-18,21.98,,,,,,,,,,
2018-02-19,20.25,,,,,,,,,,
2018-02-20,19.0,,,,,,,,,,
2018-02-21,15.67,,,,,,,,,,
2018-02-22,19.3,,,,,,,,,,
2018-02-23,22.74,,,,,,,,,,
2018-02-24,30.63,,,,,,,,,,
2018-02-25,24.64,,,,,,,,,,
2018-02-26,24.05,,,,,,,,,,
2018-02-27,22.57,,,,,,,,,,
2018-02-28,28.41,,,,,,,,,,
2018-03-01,19.08,,,,,,,,,,
2018-03-02,24.76,,,,,,,,,,
2018-03-03,15.1,,,,,,,,,,
2018-03-04,14.33,,,,,,,,,,
2018-03-05,17.0,,,,,,,,,,
2018-03-06,18.57,,,,,,,,,,
2018-03-07,15.02,,,,,,,,,,
2018-03-08,11.33,,,,,,,,,,
2018-03-09,17.09,,,,,,,,,,
2018-03-10,20.23,,,,,,,,,,
2018-03-11,14.5,,,,,,,,,,
2018-03-12,16.71,,,,,,,,,,
2018-03-13,36.72,,,,,,,,,,
2018-03-14,35.98,,,,,,,,,,
2018-03-15,21.95,,,,,,,,,,
2018-03-16,22.03,,,,,,,,,,
2018-03-17,22.03,,,,,,,,,,
2018-03-18,34.95,,,,,,,,,,
2018-03-19,25.26,,,,,,,,,,
2018-03-20,22.05,,,,,,,,,,
2018-03-21,20.75,,,,,,,,,,
2018-03-22,21.53,,,,,,,,,,
2018-03-23,34.5,,,,,,,,,,
2018-03-24,47.65,,,,,,,,,,
2018-03-25,39.86,,,,,,,,,,
2018-03-26,20.26,,,,,,,,,,
2018-03-27,15.03,,,,,,,,,,
2018-03-28,41.49,,,,,,,,,,
2018-03-29,39.01,,,,,,,,,,
2018-03-30,40.21,,,,,,,,,,
2018-03-31,27.49,,,,,,,,,,
2018-04-01,25.04,,,,,,,,,,
2018-04-02,46.23,,,,,,,,,,
2018-04-03,24.59,,,,,,,,,,
2018-04-04,41.63,,,,,,,,,,
2018-04-05,56.83,,,,,,,,,,
2018-04-06,34.02,,,,,,,,,,
2018-04-07,22.3,,,,,,,,,,
2018-04-08,22.2,,,,,,,,,,
2018-04-09,22.83,,,,,,,,,,
2018-04-10,19.44,,,,,,,,,,
2018-04-11,12.69,,,,,,,,,,
2018-04-12,16.72,,,,,,,,,,
2018-04-13,16.72,,,,,,,,,,
2018-04-14,12.73,,,,,,,,,,
2018-04-15,17.9,,,,,,,,,,
2018-04-16,48.68,,,,,,,,,,
2018-04-17,33.37,,,,,,,,,,
2018-04-18,30.57,,,,,,,,,,
2018-04-19,36.71,,,,,,,,,,
2018-04-20,49.08,,,,,,,,,,
2018-04-21,37.68,,,,,,,,,,
2018-04-22,38.12,,,,,,,,,,
2018-04-23,24.1,,,,,,,,,,
2018-04-24,17.41,,,,,,,,,,
2018-04-25,28.89,,,,,,,,,,
2018-04-26,44.55,,,,,,,,,,
2018-04-27,222.48,,,,,,,,,,
2018-04-28,21.93,,,,,,,,,,
2018-04-29,72.26,,,,,,,,,,
2018-04-30,62.87,,,,,,,,,,
2018-05-01,42.81,,,,,,,,,,
2018-05-02,55.54,,,,,,,,,,
2018-05-03,93.36,,,,,,,,,,
2018-05-04,199.11,,,,,,,,,,
2018-05-05,344.32,,,,,,,,,,
2018-05-06,259.56,,,,,,,,,,
2018-05-07,149.74,,,,,,,,,,
2018-05-08,84.46,,,,,,,,,,
2018-05-09,67.86,,,,,,,,,,
2018-05-10,85.87,,,,,,,,,,
2018-05-11,77.32,,,,,,,,,,
2018-05-12,190.12,,,,,,,,,,
2018-05-13,120.02,,,,,,,,,,
2018-05-14,82.21,,,,,,,,,,
2018-05-15,64.17,,,,,,,,,,
2018-05-16,72.67,,,,,,,,,,
2018-05-17,42.58,,,,,,,,,,
2018-05-18,32.72,,,,,,,,,,
2018-05-19,45.38,,,,,,,,,,
2018-05-20,34.8,,,,,,,,,,
2018-05-21,41.09,,,,,,,,,,
2018-05-22,37.85,,,,,,,,,,
2018-05-23,41.93,,,,,,,,,,
2018-05-24,37.69,,,,,,,,,,
2018-05-25,46.16,,,,,,,,,,
2018-05-26,56.14,,,,,,,,,,
2018-05-27,100.47,,,,,,,,,,
2018-05-28,230.31,,,,,,,,,,
2018-05-29,210.31,,,,,,,,,,
2018-05-30,130.5,,,,,,,,,,
2018-05-31,212.83,,,,,,,,,,
2018-06-01,134.59,,,,,,,,,,
2018-06-02,150.94,,,,,,,,,,
2018-06-03,102.02,,,,,,,,,,
2018-06-04,241.13,,,,,,,,,,
2018-06-05,137.29,,,,,,,,,,
2018-06-06,94.36,,,,,,,,,,
2018-06-07,83.91,,,,,,,,,,
2018-06-08,61.26,,,,,,,,,,
2018-06-09,183.55,,,,,,,,,,
2018-06-10,295.16,,,,,,,,,,
2018-06-11,401.13,,,,,,,,,,
2018-06-12,403.24,,,,,,,,,,
2018-06-13,320.16,,,,,,,,,,
2018-06-14,402.17,,,,,,,,,,
2018-06-15,611.24,,,,,,,,,,
2018-06-16,511.4,,,,,,,,,,
2018-06-17,336.25,,,,,,,,,,
2018-06-18,280.65,,,,,,,,,,
2018-06-19,284.21,,,,,,,,,,
2018-06-20,191.71,,,,,,,,,,
2018-06-21,261.71,,,,,,,,,,
2018-06-22,231.56,,,,,,,,,,
2018-06-23,341.41,,,,,,,,,,
2018-06-24,3355.89,,,,,,,,,,
2018-06-25,2002.56,,,,,,,,,,
2018-06-26,1096.74,,,,,,,,,,
2018-06-27,823.71,,,,,,,,,,
2018-06-28,629.68,,,,,,,,,,
2018-06-29,516.08,,,,,,,,,,
2018-06-30,457.93,,,,,,,,,,
2018-07-01,535.78,,,,,,,,,,
2018-07-02,395.26,,,,,,,,,,
2018-07-03,446.96,,,,,,,,,,
2018-07-04,346.1,,,,,,,,,,
2018-07-05,251.91,,,,,,,,,,
2018-07-06,256.04,,,,,,,,,,
2018-07-07,428.82,,,,,,,,,,
2018-07-08,447.72,,,,,,,,,,
2018-07-09,499.91,,,,,,,,,,
2018-07-10,280.91,,,,,,,,,,
2018-07-11,232.69,,,,,,,,,,
2018-07-12,175.74,,,,,,,,,,
2018-07-13,148.6,,,,,,,,,,
2018-07-14,125.99,,,,,,,,,,
2018-07-15,133.28,,,,,,,,,,
2018-07-16,138.67,,,,,,,,,,
2018-07-17,138.67,,,,,,,,,,
2018-07-18,129.43,,,,,,,,,,
2018-07-19,262.61,,,,,,,,,,
2018-07-20,441.71,,,,,,,,,,
2018-07-21,320.3,,,,,,,,,,
2018-07-22,189.17,,,,,,,,,,
2018-07-23,151.22,,,,,,,,,,
2018-07-24,139.64,,,,,,,,,,
2018-07-25,191.64,,,,,,,,,,
2018-07-26,290.47,,,,,,,,,,
2018-07-27,164.96,,,,,,,,,,
2018-07-28,132.43,,,,,,,,,,
2018-07-29,128.13,,,,,,,,,,
2018-07-30,154.58,,,,,,,,,,
2018-07-31,255.978,,,,,,,,,,
2018-08-01,383.99,,,,,,,,,,
2018-08-02,512.56,,,,,,,,,,
2018-08-03,700.97,,,,,,,,,,
2018-08-04,926.41,,,,,,,,,,
2018-08-05,512.5,,,,,,,,,,
2018-08-06,414.82,,,,,,,,,,
2018-08-07,406.47,,,,,,,,,,
2018-08-08,324.3,,,,,,,,,,
2018-08-09,300.6,,,,,,,,,,
2018-08-10,206.26,,,,,,,,,,
2018-08-11,214.42,,,,,,,,,,
2018-08-12,269.1,,,,,,,,,,
2018-08-13,163.79,,,,,,,,,,
2018-08-14,176.81,,,,,,,,,,
2018-08-15,152.67,,,,,,,,,,
2018-08-16,192.29,,,,,,,,,,
2018-08-17,289.8,,,,,,,,,,
2018-08-18,167.54,,,,,,,,,,
2018-08-19,145.33,,,,,,,,,,
2018-08-20,156.14,,,,,,,,,,
2018-08-21,144.26,,,,,,,,,,
2018-08-22,156.14,,,,,,,,,,
2018-08-23,169.9,,,,,,,,,,
2018-08-24,171.44,,,,,,,,,,
2018-08-25,143.37,,,,,,,,,,
2018-08-26,111.2,,,,,,,,,,
2018-08-27,102.24,,,,,,,,,,
2018-08-28,142.55,,,,,,,,,,
2018-08-29,164.38,,,,,,,,,,
2018-08-30,217.72,,,,,,,,,,
2018-08-31,571.88,,,,,,,,,,
2018-09-01,425.44,,,,,,,,,,
2018-09-02,1079.71,,,,,,,,,,
2018-09-03,972.82,,,,,,,,,,
2018-09-04,463.66,,,,,,,,,,
2018-09-05,387.59,,,,,,,,,,
2018-09-06,283.6,,,,,,,,,,
2018-09-07,283.6,,,,,,,,,,
2018-09-08,194.53,,,,,,,,,,
2018-09-09,168.38,,,,,,,,,,
2018-09-10,153.61,,,,,,,,,,
2018-09-11,151.22,,,,,,,,,,
2018-09-12,147.86,,,,,,,,,,
2018-09-13,126.2,,,,,,,,,,
2018-09-14,126.2,,,,,,,,,,
2018-09-15,111.83,,,,,,,,,,
2018-09-16,95.21,,,,,,,,,,
2018-09-17,91.12,,,,,,,,,,
2018-09-18,99.6,,,,,,,,,,
2018-09-19,97.86,,,,,,,,,,
2018-09-20,82.26,,,,,,,,,,
2018-09-21,80.98,,,,,,,,,,
2018-09-22,75.55,,,,,,,,,,
2018-09-23,75.67,,,,,,,,,,
2018-09-24,74.74,,,,,,,,,,
2018-09-25,69.54,,,,,,,,,,
2018-09-26,69.39,,,,,,,,,,
2018-09-27,68.02,,,,,,,,,,
2018-09-28,186.81,,,,,,,,,,
2018-09-29,87.74,,,,,,,,,,
2018-09-30,64.91,,,,,,,,,,
2018-10-01,62.51,,,,,,,,,,
2018-10-02,52.0,,,,,,,,,,
2018-10-03,54.2,,,,,,,,,,
2018-10-04,52.44,,,,,,,,,,
2018-10-05,48.05,,,,,,,,,,
2018-10-06,48.68,,,,,,,,,,
2018-10-07,46.8,,,,,,,,,,
2018-10-08,50.12,,,,,,,,,,
2018-10-09,43.73,,,,,,,,,,
2018-10-10,78.01,,,,,,,,,,
2018-10-11,60.95,,,,,,,,,,
2018-10-12,51.05,,,,,,,,,,
2018-10-13,51.42,,,,,,,,,,
2018-10-14,75.87,,,,,,,,,,
2018-10-15,64.65,,,,,,,,,,
2018-10-16,90.03,,,,,,,,,,
2018-10-17,137.1,,,,,,,,,,
2018-10-18,70.88,,,,,,,,,,
2018-10-19,58.15,,,,,,,,,,
2018-10-20,52.0,,,,,,,,,,
2018-10-21,48.66,,,,,,,,,,
2018-10-22,93.39,,,,,,,,,,
2018-10-23,127.61,,,,,,,,,,
2018-10-24,311.93,,,,,,,,,,
2018-10-25,170.2,,,,,,,,,,
2018-10-26,116.93,,,,,,,,,,
2018-10-27,136.29,,,,,,,,,,
2018-10-28,136.62,,,,,,,,,,
2018-10-29,86.53,,,,,,,,,,
2018-10-30,81.49,,,,,,,,,,
2018-10-31,65.91,,,,,,,,,,
2018-11-01,54.85,,,,,,,,,,
2018-11-02,55.01,,,,,,,,,,
2018-11-03,51.34,,,,,,,,,,
2018-11-04,47.69,,,,,,,,,,
2018-11-05,48.08,,,,,,,,,,
2018-11-06,46.27,,,,,,,,,,
2018-11-07,39.83,,,,,,,,,,
2018-11-08,36.54,,,,,,,,,,
2018-11-09,40.78,,,,,,,,,,
2018-11-10,40.66,,,,,,,,,,
2018-11-11,41.64,,,,,,,,,,
2018-11-12,38.47,,,,,,,,,,
2018-11-13,38.0,,,,,,,,,,
2018-11-14,53.07,,,,,,,,,,
2018-11-15,57.48,,,,,,,,,,
2018-11-16,40.88,,,,,,,,,,
2018-11-17,47.67,,,,,,,,,,
2018-11-18,76.19,,,,,,,,,,
2018-11-19,57.43,,,,,,,,,,
2018-11-20,48.88,,,,,,,,,,
2018-11-21,43.18,,,,,,,,,,
2018-11-22,38.37,,,,,,,,,,
2018-11-23,37.18,,,,,,,,,,
2018-11-24,34.72,,,,,,,,,,
2018-11-25,30.27,,,,,,,,,,
2018-11-26,31.98,,,,,,,,,,
2018-11-27,28.1,,,,,,,,,,
2018-11-28,30.71,,,,,,,,,,
2018-11-29,26.6,,,,,,,,,,
2018-11-30,28.01,,,,,,,,,,
2018-12-01,23.98,,,,,,,,,,
2018-12-02,26.88,,,,,,,,,,
2018-12-03,22.51,,,,,,,,,,
2018-12-04,25.83,,,,,,,,,,
2018-12-05,23.48,,,,,,,,,,
2018-12-06,27.86,,,,,,,,,,
2018-12-07,24.84,,,,,,,,,,
2018-12-08,27.07,,,,,,,,,,
2018-12-09,33.11,,,,,,,,,,
2018-12-10,55.32,,,,,,,,,,
2018-12-11,57.07,,,,,,,,,,
2018-12-12,42.67,,,,,,,,,,
2018-12-13,51.76,,,,,,,,,,
2018-12-14,34.09,,,,,,,,,,
2018-12-15,32.66,,,,,,,,,,
2018-12-16,37.38,,,,,,,,,,
2018-12-17,27.95,,,,,,,,,,
2018-12-18,28.07,,,,,,,,,,
2018-12-19,27.64,,,,,,,,,,
2018-12-20,26.55,,,,,,,,,,
2018-12-21,28.46,,,,,,,,,,
2018-12-22,17.9,,,,,,,,,,
2018-12-23,28.48,,,,,,,,,,
2018-12-24,21.35,,,,,,,,,,
2018-12-25,26.22,,,,,,,,,,
2018-12-26,25.28,,,,,,,,,,
2018-12-27,20.38,,,,,,,,,,
2018-12-28,20.12,,,,,,,,,,
2018-12-29,19.07,,,,,,,,,,
2018-12-30,39.83,,,,,,,,,,
2018-12-31,44.62,,,,,,,,,,
2019-01-01,29.64,,,,,,,,,,
2019-01-02,24.53,,,,,,,,,,
2019-01-03,29.46,,,,,,,,,,
2019-01-04,22.55,,,,,,,,,,
2019-01-05,24.16,,,,,,,,,,
2019-01-06,21.16,,,,,,,,,,
2019-01-07,35.01,,,,,,,,,,
2019-01-08,146.17,,,,,,,,,,
2019-01-09,367.48,,,,,,,,,,
2019-01-10,246.58,,,,,,,,,,
2019-01-11,110.23,,,,,,,,,,
2019-01-12,70.49,,,,,,,,,,
2019-01-13,57.28,,,,,,,,,,
2019-01-14,43.07,,,,,,,,,,
2019-01-15,45.52,,,,,,,,,,
2019-01-16,111.05,,,,,,,,,,
2019-01-17,62.14,,,,,,,,,,
2019-01-18,49.51,,,,,,,,,,
2019-01-19,47.58,,,,,,,,,,
2019-01-20,47.4,,,,,,,,,,
2019-01-21,41.34,,,,,,,,,,
2019-01-22,41.71,,,,,,,,,,
2019-01-23,30.62,,,,,,,,,,
2019-01-24,39.39,,,,,,,,,,
2019-01-25,31.66,,,,,,,,,,
2019-01-26,30.69,,,,,,,,,,
2019-01-27,28.74,,,,,,,,,,
2019-01-28,28.75,,,,,,,,,,
2019-01-29,28.77,,,,,,,,,,
2019-01-30,25.09,,,,,,,,,,
2019-01-31,29.15,,,,,,,,,,
2019-02-01,26.36,,,,,,,,,,
2019-02-02,25.04,,,,,,,,,,
2019-02-03,23.21,,,,,,,,,,
2019-02-04,24.4,,,,,,,,,,
2019-02-05,21.39,,,,,,,,,,
2019-02-06,23.04,,,,,,,,,,
2019-02-07,17.34,,,,,,,,,,
2019-02-08,20.64,,,,,,,,,,
2019-02-09,20.45,,,,,,,,,,
2019-02-10,19.35,,,,,,,,,,
2019-02-11,17.58,,,,,,,,,,
2019-02-12,20.81,,,,,,,,,,
2019-02-13,20.45,,,,,,,,,,
2019-02-14,19.01,,,,,,,,,,
2019-02-15,18.86,,,,,,,,,,
2019-02-16,22.55,,,,,,,,,,
2019-02-17,32.9,,,,,,,,,,
2019-02-18,34.93,,,,,,,,,,
2019-02-19,23.91,,,,,,,,,,
2019-02-20,25.38,,,,,,,,,,
2019-02-21,33.63,,,,,,,,,,
2019-02-22,20.67,,,,,,,,,,
2019-02-23,20.43,,,,,,,,,,
2019-02-24,19.3,,,,,,,,,,
2019-02-25,16.06,,,,,,,,,,
2019-02-26,23.13,,,,,,,,,,
2019-02-27,12.42,,,,,,,,,,
2019-02-28,20.54,,,,,,,,,,
2019-03-01,18.47,,,,,,,,,,
2019-03-02,16.16,,,,,,,,,,
2019-03-03,18.37,,,,,,,,,,
2019-03-04,16.06,,,,,,,,,,
2019-03-05,23.9,,,,,,,,,,
2019-03-06,21.71,,,,,,,,,,
2019-03-07,19.19,,,,,,,,,,
2019-03-08,19.01,,,,,,,,,,
2019-03-09,27.4,,,,,,,,,,
2019-03-10,17.83,,,,,,,,,,
2019-03-11,19.0,,,,,,,,,,
2019-03-12,14.33,,,,,,,,,,
2019-03-13,12.06,,,,,,,,,,
2019-03-14,15.48,,,,,,,,,,
2019-03-15,15.33,,,,,,,,,,
2019-03-16,14.5,,,,,,,,,,
2019-03-17,10.07,,,,,,,,,,
2019-03-18,18.24,,,,,,,,,,
2019-03-19,17.5,,,,,,,,,,
2019-03-20,16.57,,,,,,,,,,
2019-03-21,13.66,,,,,,,,,,
2019-03-22,15.41,,,,,,,,,,
2019-03-23,15.18,,,,,,,,,,
2019-03-24,10.57,,,,,,,,,,
2019-03-25,16.77,,,,,,,,,,
2019-03-26,11.7,,,,,,,,,,
2019-03-27,18.55,,,,,,,,,,
2019-03-28,18.48,,,,,,,,,,
2019-03-29,17.68,,,,,,,,,,
2019-03-30,17.49,,,,,,,,,,
2019-03-31,14.99,,,,,,,,,,
2019-04-01,12.06,,,,,,,,,,
2019-04-02,14.64,,,,,,,,,,
2019-04-03,60.15,,,,,,,,,,
2019-04-04,59.2,,,,,,,,,,
2019-04-05,22.6,,,,,,,,,,
2019-04-06,16.24,,,,,,,,,,
2019-04-07,15.62,,,,,,,,,,
2019-04-08,39.21,,,,,,,,,,
2019-04-09,21.32,,,,,,,,,,
2019-04-10,17.45,,,,,,,,,,
2019-04-11,11.97,,,,,,,,,,
2019-04-12,11.67,,,,,,,,,,
2019-04-13,10.01,,,,,,,,,,
2019-04-14,14.63,,,,,,,,,,
2019-04-15,11.22,,,,,,,,,,
2019-04-16,12.17,,,,,,,,,,
2019-04-17,12.71,,,,,,,,,,
2019-04-18,10.46,,,,,,,,,,
2019-04-19,12.3,,,,,,,,,,
2019-04-20,4.75,,,,,,,,,,
2019-04-21,7.96,,,,,,,,,,
2019-04-22,10.33,,,,,,,,,,
2019-04-23,11.2,,,,,,,,,,
2019-04-24,7.9,,,,,,,,,,
2019-04-25,10.2,,,,,,,,,,
2019-04-26,5.71,,,,,,,,,,
2019-04-27,6.92,,,,,,,,,,
2019-04-28,22.67,,,,,,,,,,
2019-04-29,24.6,,,,,,,,,,
2019-04-30,9.75,,,,,,,,,,
2019-05-01,41.77,,,,,,,,,,
2019-05-02,16.74,,,,,,,,,,
2019-05-03,12.37,,,,,,,,,,
2019-05-04,24.51,,,,,,,,,,
2019-05-05,11.99,,,,,,,,,,
2019-05-06,10.2,,,,,,,,,,
2019-05-07,14.29,,,,,,,,,,
2019-05-08,13.79,,,,,,,,,,
2019-05-09,13.82,,,,,,,,,,
2019-05-10,13.35,,,,,,,,,,
2019-05-11,10.61,,,,,,,,,,
2019-05-12,119.95,,,,,,,,,,
2019-05-13,87.82,,,,,,,,,,
2019-05-14,166.9,,,,,,,,,,
2019-05-15,51.73,,,,,,,,,,
2019-05-16,25.68,,,,,,,,,,
2019-05-17,25.91,,,,,,,,,,
2019-05-18,18.82,,,,,,,,,,
2019-05-19,12.5,,,,,,,,,,
2019-05-20,12.71,,,,,,,,,,
2019-05-21,9.12,,,,,,,,,,
2019-05-22,176.03,,,,,,,,,,
2019-05-23,41.65,,,,,,,,,,
2019-05-24,176.34,,,,,,,,,,
2019-05-25,74.38,,,,,,,,,,
2019-05-26,40.47,,,,,,,,,,
2019-05-27,39.65,,,,,,,,,,
2019-05-28,152.36,,,,,,,,,,
2019-05-29,460.08,,,,,,,,,,
2019-05-30,273.78,,,,,,,,,,
2019-05-31,416.92,,,,,,,,,,
2019-06-01,691.05,,,,,,,,,,
2019-06-02,413.84,,,,,,,,,,
2019-06-03,235.42,,,,,,,,,,
2019-06-04,373.3,,,,,,,,,,
2019-06-05,405.22,,,,,,,,,,
2019-06-06,254.1,,,,,,,,,,
2019-06-07,196.64,,,,,,,,,,
2019-06-08,721.06,,,,,,,,,,
2019-06-09,288.8,,,,,,,,,,
2019-06-10,201.52,,,,,,,,,,
2019-06-11,427.96,,,,,,,,,,
2019-06-12,247.47,,,,,,,,,,
2019-06-13,174.19,,,,,,,,,,
2019-06-14,181.04,,,,,,,,,,
2019-06-15,210.54,,,,,,,,,,
2019-06-16,150.77,,,,,,,,,,
2019-06-17,175.75,,,,,,,,,,
2019-06-18,251.9,,,,,,,,,,
2019-06-19,260.15,,,,,,,,,,
2019-06-20,167.56,,,,,,,,,,
2019-06-21,130.15,,,,,,,,,,
2019-06-22,103.39,,,,,,,,,,
2019-06-23,89.06,,,,,,,,,,
2019-06-24,809.62,,,,,,,,,,
2019-06-25,381.45,,,,,,,,,,
2019-06-26,361.13,,,,,,,,,,
2019-06-27,270.46,,,,,,,,,,
2019-06-28,246.6,,,,,,,,,,
2019-06-29,212.88,,,,,,,,,,
2019-06-30,382.33,,,,,,,,,,
2019-07-01,323.78,,,,,,,,,,
2019-07-02,202.81,,,,,,,,,,
2019-07-03,172.98,,,,,,,,,,
2019-07-04,259.55,,,,,,,,,,
2019-07-05,480.27,,,,,,,,,,
2019-07-06,381.04,,,,,,,,,,
2019-07-07,337.37,,,,,,,,,,
2019-07-08,250.75,,,,,,,,,,
2019-07-09,227.78,,,,,,,,,,
2019-07-10,777.5,,,,,,,,,,
2019-07-11,722.22,,,,,,,,,,
2019-07-12,496.28,,,,,,,,,,
2019-07-13,342.36,,,,,,,,,,
2019-07-14,469.42,,,,,,,,,,
2019-07-15,469.42,,,,,,,,,,
2019-07-16,456.29,,,,,,,,,,
2019-07-17,290.26,,,,,,,,,,
2019-07-18,221.36,,,,,,,,,,
2019-07-19,188.28,,,,,,,,,,
2019-07-20,522.04,,,,,,,,,,
2019-07-21,292.36,,,,,,,,,,
2019-07-22,239.2,,,,,,,,,,
2019-07-23,774.12,,,,,,,,,,
2019-07-24,151.69,,,,,,,,,,
2019-07-25,490.1,,,,,,,,,,
2019-07-26,510.61,,,,,,,,,,
2019-07-27,368.15,,,,,,,,,,
2019-07-28,279.35,,,,,,,,,,
2019-07-29,254.39,,,,,,,,,,
2019-07-30,241.45,,,,,,,,,,
2019-07-31,206.74,,,,,,,,,,
2019-08-01,165.42,,,,,,,,,,
2019-08-02,167.91,,,,,,,,,,
2019-08-03,190.32,,,,,,,,,,
2019-08-04,462.96,,,,,,,,,,
2019-08-05,354.94,,,,,,,,,,
2019-08-06,251.39,,,,,,,,,,
2019-08-07,313.68,,,,,,,,,,
2019-08-08,330.76,,,,,,,,,,
2019-08-09,225.03,,,,,,,,,,
2019-08-10,174.28,,,,,,,,,,
2019-08-11,157.04,,,,,,,,,,
2019-08-12,160.97,,,,,,,,,,
2019-08-13,133.59,,,,,,,,,,
2019-08-14,112.21,,,,,,,,,,
2019-08-15,129.39,,,,,,,,,,
2019-08-16,168.92,,,,,,,,,,
2019-08-17,116.3,,,,,,,,,,
2019-08-18,109.27,,,,,,,,,,
2019-08-19,140.28,,,,,,,,,,
2019-08-20,137.14,,,,,,,,,,
2019-08-21,96.27,,,,,,,,,,
2019-08-22,87.27,,,,,,,,,,
2019-08-23,79.93,,,,,,,,,,
2019-08-24,77.78,,,,,,,,,,
2019-08-25,70.44,,,,,,,,,,
2019-08-26,67.79,,,,,,,,,,
2019-08-27,88.28,,,,,,,,,,
2019-08-28,74.01,,,,,,,,,,
2019-08-29,64.6,,,,,,,,,,
2019-08-30,258.9,,,,,,,,,,
2019-08-31,545.25,,,,,,,,,,
2019-09-01,218.64,,,,,,,,,,
2019-09-02,183.85,,,,,,,,,,
2019-09-03,159.0,,,,,,,,,,
2019-09-04,129.5,,,,,,,,,,
2019-09-05,85.98,,,,,,,,,,
2019-09-06,104.2,,,,,,,,,,
2019-09-07,104.2,,,,,,,,,,
2019-09-08,58.42,,,,,,,,,,
2019-09-09,96.95,,,,,,,,,,
2019-09-10,105.4,,,,,,,,,,
2019-09-11,323.56,,,,,,,,,,
2019-09-12,302.47,,,,,,,,,,
2019-09-13,184.1,,,,,,,,,,
2019-09-14,93.5,,,,,,,,,,
2019-09-15,104.19,,,,,,,,,,
2019-09-16,78.4,,,,,,,,,,
2019-09-17,74.6,,,,,,,,,,
2019-09-18,97.5,,,,,,,,,,
2019-09-19,93.5,,,,,,,,,,
2019-09-20,108.6,,,,,,,,,,
2019-09-21,78.4,,,,,,,,,,
2019-09-22,58.48,,,,,,,,,,
2019-09-23,58.63,,,,,,,,,,
2019-09-24,55.03,,,,,,,,,,
2019-09-25,49.0,,,,,,,,,,
2019-09-26,64.5,,,,,,,,,,
2019-09-27,49.1,,,,,,,,,,
2019-09-28,64.5,,,,,,,,,,
2019-09-29,38.83,,,,,,,,,,
2019-09-30,42.91,,,,,,,,,,
2019-10-01,18.3,,,,,,,,,,
2019-10-02,75.32,,,,,,,,,,
2019-10-03,56.8,,,,,,,,,,
2019-10-04,100.37,,,,,,,,,,
2019-10-05,56.8,,,,,,,,,,
2019-10-06,59.37,,,,,,,,,,
2019-10-07,49.1,,,,,,,,,,
2019-10-08,45.25,,,,,,,,,,
2019-10-09,49.1,,,,,,,,,,
2019-10-10,47.19,,,,,,,,,,
2019-10-11,60.21,,,,,,,,,,
2019-10-12,76.11,,,,,,,,,,
2019-10-13,83.75,,,,,,,,,,
2019-10-14,105.92,,,,,,,,,,
2019-10-15,50.0,,,,,,,,,,
2019-10-16,50.0,,,,,,,,,,
2019-10-17,20.0,,,,,,,,,,
2019-10-18,85.15,,,,,,,,,,
2019-10-19,59.42,,,,,,,,,,
2019-10-20,57.8,,,,,,,,,,
2019-10-21,61.75,,,,,,,,,,
2019-10-22,34.3,,,,,,,,,,
2019-10-23,50.0,,,,,,,,,,
2019-10-24,50.1,,,,,,,,,,
2019-10-25,33.0,,,,,,,,,,
2019-10-26,32.5,,,,,,,,,,
2019-10-27,39.05,,,,,,,,,,
2019-10-28,31.13,,,,,,,,,,
2019-10-29,43.03,,,,,,,,,,
2019-10-30,37.4,,,,,,,,,,
2019-10-31,45.4,,,,,,,,,,
2019-11-01,10.45,,,,,,,,,,
2019-11-02,17.45,,,,,,,,,,
2019-11-03,17.9,,,,,,,,,,
2019-11-04,17.9,,,,,,,,,,
2019-11-05,17.9,,,,,,,,,,
2019-11-06,17.9,,,,,,,,,,
2019-11-07,17.9,,,,,,,,,,
2019-11-08,17.9,,,,,,,,,,
2019-11-09,10.4,,,,,,,,,,
2019-11-10,25.5,,,,,,,,,,
2019-11-11,17.9,,,,,,,,,,
2019-11-12,17.9,,,,,,,,,,
2019-11-13,17.9,,,,,,,,,,
2019-11-14,17.9,,,,,,,,,,
2019-11-15,17.9,,,,,,,,,,
2019-11-16,25.45,,,,,,,,,,
2019-11-17,33.0,,,,,,,,,,
2019-11-18,17.9,,,,,,,,,,
2019-11-19,17.9,,,,,,,,,,
2019-11-20,16.96,,,,,,,,,,
2019-11-21,17.9,,,,,,,,,,
2019-11-22,20.42,,,,,,,,,,
2019-11-23,10.3,,,,,,,,,,
2019-11-24,20.34,,,,,,,,,,
2019-11-25,17.9,,,,,,,,,,
2019-11-26,17.9,,,,,,,,,,
2019-11-27,17.9,,,,,,,,,,
2019-11-28,17.9,,,,,,,,,,
2019-11-29,17.9,,,,,,,,,,
2019-11-30,17.9,,,,,,,,,,
2019-12-01,17.9,,,,,,,,,,
2019-12-02,16.88,,,,,,,,,,
2019-12-03,17.9,,,,,,,,,,
2019-12-04,17.9,,,,,,,,,,
2019-12-05,12.2,,,,,,,,,,
2019-12-06,10.3,,,,,,,,,,
2019-12-07,10.3,,,,,,,,,,
2019-12-08,10.3,,,,,,,,,,
2019-12-09,10.0,,,,,,,,,,
2019-12-10,2.8,,,,,,,,,,
2019-12-11,14.66,,,,,,,,,,
2019-12-12,10.3,,,,,,,,,,
2019-12-13,10.3,,,,,,,,,,
2019-12-14,7.8,,,,,,,,,,
2019-12-15,8.7,,,,,,,,,,
2019-12-16,17.9,,,,,,,,,,
2019-12-17,15.09,,,,,,,,,,
2019-12-18,16.24,,,,,,,,,,
2019-12-19,17.6,,,,,,,,,,
2019-12-20,10.15,,,,,,,,,,
2019-12-21,10.1,,,,,,,,,,
2019-12-22,16.1,,,,,,,,,,
2019-12-23,17.5,,,,,,,,,,
2019-12-24,10.0,,,,,,,,,,
2019-12-25,10.0,,,,,,,,,,
2019-12-26,14.5,,,,,,,,,,
2019-12-27,9.1,,,,,,,,,,
2019-12-28,10.1,,,,,,,,,,
2019-12-29,68.03,,,,,,,,,,
2019-12-30,45.25,,,,,,,,,,
2019-12-31,17.5,,,,,,,,,,
2020-01-01,17.5,,,,,,,,,,
2020-01-02,17.5,,,,,,,,,,
2020-01-03,17.5,,,,,,,,,,
2020-01-04,17.5,,,,,,,,,,
2020-01-05,17.5,,,,,,,,,,
2020-01-06,17.5,,,,,,,,,,
2020-01-07,15.71,,,,,,,,,,
2020-01-08,17.5,,,,,,,,,,
2020-01-09,23.05,,,,,,,,,,
2020-01-10,16.16,,,,,,,,,,
2020-01-11,9.4,,,,,,,,,,
2020-01-12,17.5,,,,,,,,,,
2020-01-13,11.6,,,,,,,,,,
2020-01-14,6.14,,,,,,,,,,
2020-01-15,15.65,,,,,,,,,,
2020-01-16,7.5,,,,,,,,,,
2020-01-17,10.1,,,,,,,,,,
2020-01-18,10.1,,,,,,,,,,
2020-01-19,11.95,,,,,,,,,,
2020-01-20,11.38,,,,,,,,,,
2020-01-21,13.24,,,,,,,,,,
2020-01-22,10.1,,,,,,,,,,
2020-01-23,12.1,,,,,,,,,,
2020-01-24,17.5,,,,,,,,,,
2020-01-25,15.0,,,,,,,,,,
2020-01-26,17.5,,,,,,,,,,
2020-01-27,6.4,,,,,,,,,,
2020-01-28,10.1,,,,,,,,,,
2020-01-29,6.4,,,,,,,,,,
2020-01-30,7.4,,,,,,,,,,
2020-01-31,10.1,,,,,,,,,,
2020-02-01,16.93,,,,,,,,,,
2020-02-02,14.46,,,,,,,,,,
2020-02-03,17.5,,,,,,,,,,
2020-02-04,18.52,,,,,,,,,,
2020-02-05,25.0,,,,,,,,,,
2020-02-06,21.3,,,,,,,,,,
2020-02-07,17.5,,,,,,,,,,
2020-02-08,17.04,,,,,,,,,,
2020-02-09,7.18,,,,,,,,,,
2020-02-10,17.5,,,,,,,,,,
2020-02-11,37.98,,,,,,,,,,
2020-02-12,21.2,,,,,,,,,,
2020-02-13,15.2,,,,,,,,,,
2020-02-14,12.0,,,,,,,,,,
2020-02-15,17.1,,,,,,,,,,
2020-02-16,17.1,,,,,,,,,,
2020-02-17,12.69,,,,,,,,,,
2020-02-18,17.1,,,,,,,,,,
2020-02-19,9.0,,,,,,,,,,
2020-02-20,7.8,,,,,,,,,,
2020-02-21,7.1,,,,,,,,,,
2020-02-22,15.95,,,,,,,,,,
2020-02-23,14.3,,,,,,,,,,
2020-02-24,17.18,,,,,,,,,,
2020-02-25,9.12,,,,,,,,,,
2020-02-26,9.4,,,,,,,,,,
2020-02-27,12.0,,,,,,,,,,
2020-02-28,8.03,,,,,,,,,,
2020-02-29,13.2,,,,,,,,,,
2020-03-01,12.0,,,,,,,,,,
2020-03-02,32.95,,,,,,,,,,
2020-03-03,16.0,,,,,,,,,,
2020-03-04,28.41,,,,,,,,,,
2020-03-05,15.7,,,,,,,,,,
2020-03-06,14.05,,,,,,,,,,
2020-03-07,23.52,,,,,,,,,,
2020-03-08,13.7,,,,,,,,,,
2020-03-09,9.18,,,,,,,,,,
2020-03-10,16.7,,,,,,,,,,
2020-03-11,15.93,,,,,,,,,,
2020-03-12,14.96,,,,,,,,,,
2020-03-13,10.4,,,,,,,,,,
2020-03-14,11.8,,,,,,,,,,
2020-03-15,8.6,,,,,,,,,,
2020-03-16,7.42,,,,,,,,,,
2020-03-17,9.78,,,,,,,,,,
2020-03-18,8.53,,,,,,,,,,
2020-03-19,14.6,,,,,,,,,,
2020-03-20,7.0,,,,,,,,,,
2020-03-21,38.43,,,,,,,,,,
2020-03-22,27.0,,,,,,,,,,
2020-03-23,35.87,,,,,,,,,,
2020-03-24,10.96,,,,,,,,,,
2020-03-25,13.63,,,,,,,,,,
2020-03-26,51.9,,,,,,,,,,
2020-03-27,30.95,,,,,,,,,,
2020-03-28,15.52,,,,,,,,,,
2020-03-29,14.0,,,,,,,,,,
2020-03-30,14.0,,,,,,,,,,
2020-03-31,7.0,,,,,,,,,,
2020-04-01,8.0,,,,,,,,,,
2020-04-02,13.9,,,,,,,,,,
2020-04-03,8.0,,,,,,,,,,
2020-04-04,15.75,,,,,,,,,,
2020-04-05,13.9,,,,,,,,,,
2020-04-06,84.01,,,,,,,,,,
2020-04-07,36.1,,,,,,,,,,
2020-04-08,13.9,,,,,,,,,,
2020-04-09,16.24,,,,,,,,,,
2020-04-10,25.9,,,,,,,,,,
2020-04-11,13.9,,,,,,,,,,
2020-04-12,25.0,,,,,,,,,,
2020-04-13,64.75,,,,,,,,,,
2020-04-14,63.57,,,,,,,,,,
2020-04-15,49.8,,,,,,,,,,
2020-04-16,22.93,,,,,,,,,,
2020-04-17,26.37,,,,,,,,,,
2020-04-18,53.25,,,,,,,,,,
2020-04-19,37.8,,,,,,,,,,
2020-04-20,24.19,,,,,,,,,,
2020-04-21,19.9,,,,,,,,,,
2020-04-22,51.26,,,,,,,,,,
2020-04-23,270.25,,,,,,,,,,
2020-04-24,365.85,,,,,,,,,,
2020-04-25,177.86,,,,,,,,,,
2020-04-26,157.75,,,,,,,,,,
2020-04-27,126.3,,,,,,,,,,
2020-04-28,75.0,,,,,,,,,,
2020-04-29,40.46,,,,,,,,,,
2020-04-30,40.8,,,,,,,,,,
2020-05-01,39.5,,,,,,,,,,
2020-05-02,42.6,,,,,,,,,,
2020-05-03,39.5,,,,,,,,,,
2020-05-04,23.9,,,,,,,,,,
2020-05-05,26.58,,,,,,,,,,
2020-05-06,22.15,,,,,,,,,,
2020-05-07,14.43,,,,,,,,,,
2020-05-08,15.05,,,,,,,,,,
2020-05-09,36.6,,,,,,,,,,
2020-05-10,31.5,,,,,,,,,,
2020-05-11,32.22,,,,,,,,,,
2020-05-12,44.46,,,,,,,,,,
2020-05-13,34.25,,,,,,,,,,
2020-05-14,56.6,,,,,,,,,,
2020-05-15,31.8,,,,,,,,,,
2020-05-16,35.38,,,,,,,,,,
2020-05-17,18.62,,,,,,,,,,
2020-05-18,20.03,,,,,,,,,,
2020-05-19,27.28,,,,,,,,,,
2020-05-20,38.49,,,,,,,,,,
2020-05-21,25.1,,,,,,,,,,
2020-05-22,15.95,,,,,,,,,,
2020-05-23,23.5,,,,,,,,,,
2020-05-24,37.78,,,,,,,,,,
2020-05-25,17.05,,,,,,,,,,
2020-05-26,20.0,,,,,,,,,,
2020-05-27,59.7,,,,,,,,,,
2020-05-28,90.4,,,,,,,,,,
2020-05-29,73.05,,,,,,,,,,
2020-05-30,51.06,,,,,,,,,,
2020-05-31,99.95,,,,,,,,,,
2020-06-01,199.9,,,,,,,,,,
2020-06-02,49.9,,,,,,,,,,
2020-06-03,58.6,,,,,,,,,,
2020-06-04,40.1,,,,,,,,,,
2020-06-05,33.0,,,,,,,,,,
2020-06-06,64.9,,,,,,,,,,
2020-06-07,352.41,,,,,,,,,,
2020-06-08,200.08,,,,,,,,,,
2020-06-09,148.78,,,,,,,,,,
2020-06-10,98.7,,,,,,,,,,
2020-06-11,238.15,,,,,,,,,,
2020-06-12,221.2,,,,,,,,,,
2020-06-13,129.4,,,,,,,,,,
2020-06-14,301.6,,,,,,,,,,
2020-06-15,152.69,,,,,,,,,,
2020-06-16,236.99,,,,,,,,,,
2020-06-17,246.38,,,,,,,,,,
2020-06-18,236.55,,,,,,,,,,
2020-06-19,307.2,,,,,,,,,,
2020-06-20,185.1,,,,,,,,,,
2020-06-21,176.99,,,,,,,,,,
2020-06-22,154.3,,,,,,,,,,
2020-06-23,132.54,,,,,,,,,,
2020-06-24,183.23,,,,,,,,,,
2020-06-25,134.8,,,,,,,,,,
2020-06-26,343.65,,,,,,,,,,
2020-06-27,445.6,,,,,,,,,,
2020-06-28,242.65,,,,,,,,,,
2020-06-29,174.66,,,,,,,,,,
2020-06-30,170.8,,,,,,,,,,
2020-07-01,355.0,,,,,,,,,,
2020-07-02,210.3,,,,,,,,,,
2020-07-03,236.6,,,,,,,,,,
2020-07-04,306.4,,,,,,,,,,
2020-07-05,262.2,,,,,,,,,,
2020-07-06,296.6,,,,,,,,,,
2020-07-07,264.0,,,,,,,,,,
2020-07-08,242.6,,,,,,,,,,
2020-07-09,203.25,,,,,,,,,,
2020-07-10,171.5,,,,,,,,,,
2020-07-11,1326.4,,,,,,,,,,
2020-07-12,2753.3,,,,,,,,,,
2020-07-13,1109.42,,,,,,,,,,
2020-07-14,714.5,,,,,,,,,,
2020-07-15,336.28,,,,,,,,,,
2020-07-16,266.72,,,,,,,,,,
2020-07-17,221.23,,,,,,,,,,
2020-07-18,176.4,,,,,,,,,,
2020-07-19,198.95,,,,,,,,,,
2020-07-20,278.4,,,,,,,,,,
2020-07-21,260.15,,,,,,,,,,
2020-07-22,193.6,,,,,,,,,,
2020-07-23,164.5,,,,,,,,,,
2020-07-24,208.6,,,,,,,,,,
2020-07-25,184.4,,,,,,,,,,
2020-07-26,162.1,,,,,,,,,,
2020-07-27,140.82,,,,,,,,,,
2020-07-28,206.0,,,,,,,,,,
2020-07-29,117.0,,,,,,,,,,
2020-07-30,179.6,,,,,,,,,,
2020-07-31,179.95,,,,,,,,,,
2020-08-01,166.9,,,,,,,,,,
2020-08-02,187.0,,,,,,,,,,
2020-08-03,246.0,,,,,,,,,,
2020-08-04,180.15,,,,,,,,,,
2020-08-05,283.75,,,,,,,,,,
2020-08-06,443.78,,,,,,,,,,
2020-08-07,352.42,,,,,,,,,,
2020-08-08,272.48,,,,,,,,,,
2020-08-09,226.88,,,,,,,,,,
2020-08-10,236.2,,,,,,,,,,
2020-08-11,211.99,,,,,,,,,,
2020-08-12,355.0,,,,,,,,,,
2020-08-13,418.7,,,,,,,,,,
2020-08-14,492.6,,,,,,,,,,
2020-08-15,517.6,,,,,,,,,,
2020-08-16,879.01,,,,,,,,,,
2020-08-17,922.0,,,,,,,,,,
2020-08-18,1149.4,,,,,,,,,,
2020-08-19,1594.8,,,,,,,,,,
2020-08-20,548.32,,,,,,,,,,
2020-08-21,464.8,,,,,,,,,,
2020-08-22,313.7,,,,,,,,,,
2020-08-23,269.75,,,,,,,,,,
2020-08-24,322.55,,,,,,,,,,
2020-08-25,271.43,,,,,,,,,,
2020-08-26,329.3,,,,,,,,,,
2020-08-27,206.83,,,,,,,,,,
2020-08-28,173.75,,,,,,,,,,
2020-08-29,176.4,,,,,,,,,,
2020-08-30,200.94,,,,,,,,,,
2020-08-31,160.1,,,,,,,,,,
2020-09-01,199.86,,,,,,,,,,
2020-09-02,157.79,,,,,,,,,,
2020-09-03,131.79,,,,,,,,,,
2020-09-04,117.5,,,,,,,,,,
2020-09-05,82.05,,,,,,,,,,
2020-09-06,135.61,,,,,,,,,,
2020-09-07,259.79,,,,,,,,,,
2020-09-08,195.4,,,,,,,,,,
2020-09-09,523.41,,,,,,,,,,
2020-09-10,501.5,,,,,,,,,,
2020-09-11,434.66,,,,,,,,,,
2020-09-12,347.0,,,,,,,,,,
2020-09-13,346.78,,,,,,,,,,
2020-09-14,322.6,,,,,,,,,,
2020-09-15,298.68,,,,,,,,,,
2020-09-16,352.77,,,,,,,,,,
2020-09-17,245.67,,,,,,,,,,
2020-09-18,262.0,,,,,,,,,,
2020-09-19,279.0,,,,,,,,,,
2020-09-20,192.76,,,,,,,,,,
2020-09-21,514.79,,,,,,,,,,
2020-09-22,397.22,,,,,,,,,,
2020-09-23,324.7,,,,,,,,,,
2020-09-24,291.8,,,,,,,,,,
2020-09-25,287.39,,,,,,,,,,
2020-09-26,248.21,,,,,,,,,,
2020-09-27,237.7,,,,,,,,,,
2020-09-28,224.0,,,,,,,,,,
2020-09-29,239.2,,,,,,,,,,
2020-09-30,190.1,,,,,,,,,,
2020-10-01,527.27,,,,,,,,,,
2020-10-02,215.98,,,,,,,,,,
2020-10-03,190.1,,,,,,,,,,
2020-10-04,178.45,,,,,,,,,,
2020-10-05,175.0,,,,,,,,,,
2020-10-06,224.0,,,,,,,,,,
2020-10-07,202.5,,,,,,,,,,
2020-10-08,128.6,,,,,,,,,,
2020-10-09,111.72,,,,,,,,,,
2020-10-10,98.86,,,,,,,,,,
2020-10-11,118.9,,,,,,,,,,
2020-10-12,71.0,,,,,,,,,,
2020-10-13,82.89,,,,,,,,,,
2020-10-14,67.0,,,,,,,,,,
2020-10-15,186.83,,,,,,,,,,
2020-10-16,97.12,,,,,,,,,,
2020-10-17,85.52,,,,,,,,,,
2020-10-18,72.79,,,,,,,,,,
2020-10-19,67.0,,,,,,,,,,
2020-10-20,72.0,,,,,,,,,,
2020-10-21,44.5,,,,,,,,,,
2020-10-22,61.05,,,,,,,,,,
2020-10-23,52.8,,,,,,,,,,
2020-10-24,52.6,,,,,,,,,,
2020-10-25,54.9,,,,,,,,,,
2020-10-26,40.35,,,,,,,,,,
2020-10-27,46.67,,,,,,,,,,
2020-10-28,51.7,,,,,,,,,,
2020-10-29,53.3,,,,,,,,,,
2020-10-30,66.69,,,,,,,,,,
2020-10-31,47.1,,,,,,,,,,
2020-11-01,49.3,,,,,,,,,,
2020-11-02,30.85,,,,,,,,,,
2020-11-03,44.8,,,,,,,,,,
2020-11-04,49.9,,,,,,,,,,
2020-11-05,49.88,,,,,,,,,,
2020-11-06,49.48,,,,,,,,,,
2020-11-07,61.0,,,,,,,,,,
2020-11-08,42.74,,,,,,,,,,
2020-11-09,27.95,,,,,,,,,,
2020-11-10,36.0,,,,,,,,,,
2020-11-11,31.79,,,,,,,,,,
2020-11-12,36.47,,,,,,,,,,
2020-11-13,36.2,,,,,,,,,,
2020-11-14,22.15,,,,,,,,,,
2020-11-15,29.9,,,,,,,,,,
2020-11-16,36.07,,,,,,,,,,
2020-11-17,19.63,,,,,,,,,,
2020-11-18,65.0,,,,,,,,,,
2020-11-19,33.7,,,,,,,,,,
2020-11-20,32.0,,,,,,,,,,
2020-11-21,36.2,,,,,,,,,,
2020-11-22,36.2,,,,,,,,,,
2020-11-23,17.9,,,,,,,,,,
2020-11-24,29.29,,,,,,,,,,
2020-11-25,23.69,,,,,,,,,,
2020-11-26,25.39,,,,,,,,,,
2020-11-27,26.0,,,,,,,,,,
2020-11-28,21.5,,,,,,,,,,
2020-11-29,19.7,,,,,,,,,,
2020-11-30,15.0,,,,,,,,,,
2020-12-01,22.0,,,,,,,,,,
2020-12-02,22.0,,,,,,,,,,
2020-12-03,21.15,,,,,,,,,,
2020-12-04,23.23,,,,,,,,,,
2020-12-05,19.7,,,,,,,,,,
2020-12-06,22.1,,,,,,,,,,
2020-12-07,20.84,,,,,,,,,,
2020-12-08,16.14,,,,,,,,,,
2020-12-09,14.41,,,,,,,,,,
2020-12-10,13.74,,,,,,,,,,
2020-12-11,19.7,,,,,,,,,,
2020-12-12,20.07,,,,,,,,,,
2020-12-13,18.81,,,,,,,,,,
2020-12-14,19.7,,,,,,,,,,
2020-12-15,15.0,,,,,,,,,,
2020-12-16,15.2,,,,,,,,,,
2020-12-17,16.2,,,,,,,,,,
2020-12-18,17.59,,,,,,,,,,
2020-12-19,19.7,,,,,,,,,,
2020-12-20,19.7,,,,,,,,,,
2020-12-21,19.7,,,,,,,,,,
2020-12-22,19.7,,,,,,,,,,
2020-12-23,19.7,,,,,,,,,,
2020-12-24,13.55,,,,,,,,,,
2020-12-25,16.35,,,,,,,,,,
2020-12-26,16.35,,,,,,,,,,
2020-12-27,19.75,,,,,,,,,,
2020-12-28,14.92,,,,,,,,,,
2020-12-29,11.5,,,,,,,,,,
2020-12-30,11.5,,,,,,,,,,
2020-12-31,11.5,,,,,,,,,,
2021-01-01,13.55,,,,,,,,,,
2021-01-02,11.8,,,,,,,,,,
2021-01-03,13.24,,,,,,,,,,
2021-01-04,15.33,,,,,,,,,,
2021-01-05,11.5,,,,,,,,,,
2021-01-06,11.5,,,,,,,,,,
2021-01-07,11.5,,,,,,,,,,
2021-01-08,13.5,,,,,,,,,,
2021-01-09,18.6,,,,,,,,,,
2021-01-10,14.24,,,,,,,,,,
2021-01-11,17.98,,,,,,,,,,
2021-01-12,11.5,,,,,,,,,,
2021-01-13,11.5,,,,,,,,,,
2021-01-14,23.85,,,,,,,,,,
2021-01-15,19.7,,,,,,,,,,
2021-01-16,17.7,,,,,,,,,,
2021-01-17,20.8,,,,,,,,,,
2021-01-18,15.88,,,,,,,,,,
2021-01-19,16.1,,,,,,,,,,
2021-01-20,19.7,,,,,,,,,,
2021-01-21,19.55,,,,,,,,,,
2021-01-22,19.85,,,,,,,,,,
2021-01-23,15.0,,,,,,,,,,
2021-01-24,14.86,,,,,,,,,,
2021-01-25,14.59,,,,,,,,,,
2021-01-26,16.37,,,,,,,,,,
2021-01-27,14.15,,,,,,,,,,
2021-01-28,19.4,,,,,,,,,,
2021-01-29,11.2,,,,,,,,,,
2021-01-30,16.64,,,,,,,,,,
2021-01-31,11.2,,,,,,,,,,
2021-02-01,30.92,,,,,,,,,,
2021-02-02,21.76,,,,,,,,,,
2021-02-03,18.36,,,,,,,,,,
2021-02-04,19.4,,,,,,,,,,
2021-02-05,11.2,,,,,,,,,,
2021-02-06,19.01,,,,,,,,,,
2021-02-07,17.92,,,,,,,,,,
2021-02-08,11.2,,,,,,,,,,
2021-02-09,255.7,,,,,,,,,,
2021-02-10,52.0,,,,,,,,,,
2021-02-11,28.3,,,,,,,,,,
2021-02-12,26.27,,,,,,,,,,
2021-02-13,22.81,,,,,,,,,,
2021-02-14,19.4,,,,,,,,,,
2021-02-15,11.3,,,,,,,,,,
2021-02-16,10.0,,,,,,,,,,
2021-02-17,23.3,,,,,,,,,,
2021-02-18,16.42,,,,,,,,,,
2021-02-19,16.87,,,,,,,,,,
2021-02-20,20.54,,,,,,,,,,
2021-02-21,23.55,,,,,,,,,,
2021-02-22,13.94,,,,,,,,,,
2021-02-23,20.19,,,,,,,,,,
2021-02-24,18.76,,,,,,,,,,
2021-02-25,24.83,,,,,,,,,,
2021-02-26,29.5,,,,,,,,,,
2021-02-27,16.01,,,,,,,,,,
2021-02-28,18.3,,,,,,,,,,
2021-03-01,18.15,,,,,,,,,,
2021-03-02,16.62,,,,,,,,,,
2021-03-03,14.6,,,,,,,,,,
2021-03-04,12.2,,,,,,,,,,
2021-03-05,19.01,,,,,,,,,,
2021-03-06,13.4,,,,,,,,,,
2021-03-07,17.9,,,,,,,,,,
2021-03-08,13.0,,,,,,,,,,
2021-03-09,11.25,,,,,,,,,,
2021-03-10,17.03,,,,,,,,,,
2021-03-11,17.83,,,,,,,,,,
2021-03-12,12.48,,,,,,,,,,
2021-03-13,10.55,,,,,,,,,,
2021-03-14,13.1,,,,,,,,,,
2021-03-15,7.0,,,,,,,,,,
2021-03-16,18.3,,,,,,,,,,
2021-03-17,18.2,,,,,,,,,,
2021-03-18,11.2,,,,,,,,,,
2021-03-19,11.6,,,,,,,,,,
2021-03-20,11.68,,,,,,,,,,
2021-03-21,12.31,,,,,,,,,,
2021-03-22,19.9,,,,,,,,,,
2021-03-23,26.25,,,,,,,,,,
2021-03-24,8.55,,,,,,,,,,
2021-03-25,19.32,,,,,,,,,,
2021-03-26,15.33,,,,,,,,,,
2021-03-27,15.33,,,,,,,,,,
2021-03-28,23.1,,,,,,,,,,
2021-03-29,11.77,,,,,,,,,,
2021-03-30,13.33,,,,,,,,,,
2021-03-31,8.5,,,,,,,,,,
2021-04-01,14.08,,,,,,,,,,
2021-04-02,25.4,,,,,,,,,,
2021-04-03,11.53,,,,,,,,,,
2021-04-04,19.6,,,,,,,,,,
2021-04-05,46.17,,,,,,,,,,
2021-04-06,91.19,,,,,,,,,,
2021-04-07,73.07,,,,,,,,,,
2021-04-08,43.3,,,,,,,,,,
2021-04-09,16.3,,,,,,,,,,
2021-04-10,41.6,,,,,,,,,,
2021-04-11,45.87,,,,,,,,,,
2021-04-12,41.95,,,,,,,,,,
2021-04-13,34.4,,,,,,,,,,
2021-04-14,27.56,,,,,,,,,,
2021-04-15,27.8,,,,,,,,,,
2021-04-16,19.3,,,,,,,,,,
2021-04-17,156.2,,,,,,,,,,
2021-04-18,103.9,,,,,,,,,,
2021-04-19,87.93,,,,,,,,,,
2021-04-20,51.22,,,,,,,,,,
2021-04-21,42.5,,,,,,,,,,
2021-04-22,35.34,,,,,,,,,,
2021-04-23,21.45,,,,,,,,,,
2021-04-24,23.3,,,,,,,,,,
2021-04-25,21.68,,,,,,,,,,
2021-04-26,327.29,,,,,,,,,,
2021-04-27,117.75,,,,,,,,,,
2021-04-28,104.13,,,,,,,,,,
2021-04-29,66.0,,,,,,,,,,
2021-04-30,98.8,,,,,,,,,,
2021-05-01,66.15,,,,,,,,,,
2021-05-02,46.25,,,,,,,,,,
2021-05-03,70.65,,,,,,,,,,
2021-05-04,57.4,,,,,,,,,,
2021-05-05,41.4,,,,,,,,,,
2021-05-06,76.7,,,,,,,,,,
2021-05-07,96.95,,,,,,,,,,
2021-05-08,73.55,,,,,,,,,,
2021-05-09,43.7,,,,,,,,,,
2021-05-10,33.52,,,,,,,,,,
2021-05-11,26.1,,,,,,,,,,
2021-05-12,34.4,,,,,,,,,,
2021-05-13,34.4,,,,,,,,,,
2021-05-14,53.05,,,,,,,,,,
2021-05-15,46.98,,,,,,,,,,
2021-05-16,35.54,,,,,,,,,,
2021-05-17,23.6,,,,,,,,,,
2021-05-18,38.05,,,,,,,,,,
2021-05-19,35.05,,,,,,,,,,
2021-05-20,30.0,,,,,,,,,,
2021-05-21,37.4,,,,,,,,,,
2021-05-22,52.2,,,,,,,,,,
2021-05-23,23.3,,,,,,,,,,
2021-05-24,45.4,,,,,,,,,,
2021-05-25,24.7,,,,,,,,,,
2021-05-26,24.35,,,,,,,,,,
2021-05-27,24.7,,,,,,,,,,
2021-05-28,57.48,,,,,,,,,,
2021-05-29,44.48,,,,,,,,,,
2021-05-30,14.9,,,,,,,,,,
2021-05-31,14.9,,,,,,,,,,
2021-06-01,88.7,,,,,,,,,,
2021-06-02,67.73,,,,,,,,,,
2021-06-03,73.19,,,,,,,,,,
2021-06-04,76.64,,,,,,,,,,
2021-06-05,133.5,,,,,,,,,,
2021-06-06,91.4,,,,,,,,,,
2021-06-07,75.4,,,,,,,,,,
2021-06-08,107.03,,,,,,,,,,
2021-06-09,63.05,,,,,,,,,,
2021-06-10,164.7,,,,,,,,,,
2021-06-11,119.6,,,,,,,,,,
2021-06-12,77.11,,,,,,,,,,
2021-06-13,130.78,,,,,,,,,,
2021-06-14,126.9,,,,,,,,,,
2021-06-15,87.6,,,,,,,,,,
2021-06-16,189.48,,,,,,,,,,
2021-06-17,162.6,,,,,,,,,,
2021-06-18,92.0,,,,,,,,,,
2021-06-19,81.83,,,,,,,,,,
2021-06-20,70.5,,,,,,,,,,
2021-06-21,54.85,,,,,,,,,,
2021-06-22,48.8,,,,,,,,,,
2021-06-23,63.45,,,,,,,,,,
2021-06-24,606.99,,,,,,,,,,
2021-06-25,691.66,,,,,,,,,,
2021-06-26,489.5,,,,,,,,,,
2021-06-27,415.0,,,,,,,,,,
2021-06-28,253.45,,,,,,,,,,
2021-06-29,412.4,,,,,,,,,,
2021-06-30,314.4,,,,,,,,,,
2021-07-01,522.25,,,,,,,,,,
2021-07-02,496.8,,,,,,,,,,
2021-07-03,339.58,,,,,,,,,,
2021-07-04,228.58,,,,,,,,,,
2021-07-05,180.0,,,,,,,,,,
2021-07-06,427.25,,,,,,,,,,
2021-07-07,258.82,,,,,,,,,,
2021-07-08,189.95,,,,,,,,,,
2021-07-09,326.3,,,,,,,,,,
2021-07-10,236.05,,,,,,,,,,
2021-07-11,179.8,,,,,,,,,,
2021-07-12,129.1,,,,,,,,,,
2021-07-13,110.55,,,,,,,,,,
2021-07-14,104.55,,,,,,,,,,
2021-07-15,443.85,,,,,,,,,,
2021-07-16,235.0,,,,,,,,,,
2021-07-17,184.8,,,,,,,,,,
2021-07-18,105.1,,,,,,,,,,
2021-07-19,201.4,,,,,,,,,,
2021-07-20,258.1,,,,,,,,,,
2021-07-21,275.1,,,,,,,,,,
2021-07-22,216.5,,,,,,,,,,
2021-07-23,410.7,,,,,,,,,,
2021-07-24,223.6,,,,,,,,,,
2021-07-25,158.65,,,,,,,,,,
2021-07-26,219.95,,,,,,,,,,
2021-07-27,155.1,,,,,,,,,,
2021-07-28,166.5,,,,,,,,,,
2021-07-29,266.5,,,,,,,,,,
2021-07-30,240.85,,,,,,,,,,
2021-07-31,215.9,,,,,,,,,,
2021-08-01,216.2,,,,,,,,,,
2021-08-02,287.6,,,,,,,,,,
2021-08-03,311.95,,,,,,,,,,
2021-08-04,203.9,,,,,,,,,,
2021-08-05,188.9,,,,,,,,,,
2021-08-06,184.6,,,,,,,,,,
2021-08-07,115.1,,,,,,,,,,
2021-08-08,109.7,,,,,,,,,,
2021-08-09,179.5,,,,,,,,,,
2021-08-10,268.34,,,,,,,,,,
2021-08-11,236.75,,,,,,,,,,
2021-08-12,518.3,,,,,,,,,,
2021-08-13,541.5,,,,,,,,,,
2021-08-14,457.8,,,,,,,,,,
2021-08-15,905.01,,,,,,,,,,
2021-08-16,743.33,,,,,,,,,,
2021-08-17,552.45,,,,,,,,,,
2021-08-18,589.25,,,,,,,,,,
2021-08-19,452.55,,,,,,,,,,
2021-08-20,355.7,,,,,,,,,,
2021-08-21,226.53,,,,,,,,,,
2021-08-22,188.92,,,,,,,,,,
2021-08-23,182.7,,,,,,,,,,
2021-08-24,218.15,,,,,,,,,,
2021-08-25,266.05,,,,,,,,,,
2021-08-26,262.1,,,,,,,,,,
2021-08-27,195.8,,,,,,,,,,
2021-08-28,161.65,,,,,,,,,,
2021-08-29,141.75,,,,,,,,,,
2021-08-30,148.4,,,,,,,,,,
2021-08-31,120.9,,,,,,,,,,
2021-09-01,135.87,,,,,,,,,,
2021-09-02,114.43,,,,,,,,,,
2021-09-03,97.4,,,,,,,,,,
2021-09-04,56.7,,,,,,,,,,
2021-09-05,85.6,,,,,,,,,,
2021-09-06,134.15,,,,,,,,,,
2021-09-07,85.6,,,,,,,,,,
2021-09-08,71.8,,,,,,,,,,
2021-09-09,71.8,,,,,,,,,,
2021-09-10,99.5,,,,,,,,,,
2021-09-11,78.75,,,,,,,,,,
2021-09-12,85.65,,,,,,,,,,
2021-09-13,57.31,,,,,,,,,,
2021-09-14,71.8,,,,,,,,,,
2021-09-15,45.1,,,,,,,,,,
2021-09-16,52.15,,,,,,,,,,
2021-09-17,66.25,,,,,,,,,,
2021-09-18,80.77,,,,,,,,,,
2021-09-19,100.85,,,,,,,,,,
2021-09-20,215.3,,,,,,,,,,
2021-09-21,104.1,,,,,,,,,,
2021-09-22,86.05,,,,,,,,,,
2021-09-23,78.2,,,,,,,,,,
2021-09-24,60.31,,,,,,,,,,
2021-09-25,78.8,,,,,,,,,,
2021-09-26,72.75,,,,,,,,,,
2021-09-27,89.7,,,,,,,,,,
2021-09-28,71.55,,,,,,,,,,
2021-09-29,49.95,,,,,,,,,,
2021-09-30,75.8,,,,,,,,,,
2021-10-01,47.1,,,,,,,,,,
2021-10-02,47.1,,,,,,,,,,
2021-10-03,76.7,,,,,,,,,,
2021-10-04,76.75,,,,,,,,,,
2021-10-05,71.93,,,,,,,,,,
2021-10-06,54.51,,,,,,,,,,
2021-10-07,48.4,,,,,,,,,,
2021-10-08,35.6,,,,,,,,,,
2021-10-09,21.7,,,,,,,,,,
2021-10-10,119.41,,,,,,,,,,
2021-10-11,317.94,,,,,,,,,,
2021-10-12,110.75,,,,,,,,,,
2021-10-13,64.27,,,,,,,,,,
2021-10-14,32.4,,,,,,,,,,
2021-10-15,327.68,,,,,,,,,,
2021-10-16,138.8,,,,,,,,,,
2021-10-17,87.5,,,,,,,,,,
2021-10-18,68.02,,,,,,,,,,
2021-10-19,59.41,,,,,,,,,,
2021-10-20,49.0,,,,,,,,,,
2021-10-21,49.05,,,,,,,,,,
2021-10-22,33.7,,,,,,,,,,
2021-10-23,172.3,,,,,,,,,,
2021-10-24,75.5,,,,,,,,,,
2021-10-25,66.45,,,,,,,,,,
2021-10-26,49.1,,,,,,,,,,
2021-10-27,49.1,,,,,,,,,,
2021-10-28,49.1,,,,,,,,,,
2021-10-29,79.9,,,,,,,,,,
2021-10-30,46.35,,,,,,,,,,
2021-10-31,65.7,,,,,,,,,,
2021-11-01,100.95,,,,,,,,,,
2021-11-02,322.8,,,,,,,,,,
2021-11-03,250.9,,,,,,,,,,
2021-11-04,185.47,,,,,,,,,,
2021-11-05,115.77,,,,,,,,,,
2021-11-06,98.98,,,,,,,,,,
2021-11-07,78.85,,,,,,,,,,
2021-11-08,68.2,,,,,,,,,,
2021-11-09,84.6,,,,,,,,,,
2021-11-10,67.27,,,,,,,,,,
2021-11-11,53.7,,,,,,,,,,
2021-11-12,50.85,,,,,,,,,,
2021-11-13,49.69,,,,,,,,,,
2021-11-14,35.7,,,,,,,,,,
2021-11-15,52.0,,,,,,,,,,
2021-11-16,53.35,,,,,,,,,,
2021-11-17,43.85,,,,,,,,,,
2021-11-18,47.95,,,,,,,,,,
2021-11-19,52.0,,,,,,,,,,
2021-11-20,42.33,,,,,,,,,,
2021-11-21,37.87,,,,,,,,,,
2021-11-22,52.0,,,,,,,,,,
2021-11-23,52.0,,,,,,,,,,
2021-11-24,20.0,,,,,,,,,,
2021-11-25,19.4,,,,,,,,,,
2021-11-26,44.4,,,,,,,,,,
2021-11-27,19.7,,,,,,,,,,
2021-11-28,34.69,,,,,,,,,,
2021-11-29,36.2,,,,,,,,,,
2021-11-30,27.95,,,,,,,,,,
2021-12-01,29.98,,,,,,,,,,
2021-12-02,27.9,,,,,,,,,,
2021-12-03,27.9,,,,,,,,,,
2021-12-04,19.7,,,,,,,,,,
2021-12-05,19.7,,,,,,,,,,
2021-12-06,28.0,,,,,,,,,,
2021-12-07,24.7,,,,,,,,,,
2021-12-08,26.25,,,,,,,,,,
2021-12-09,3.2,,,,,,,,,,
2021-12-10,21.78,,,,,,,,,,
2021-12-11,19.7,,,,,,,,,,
2021-12-12,52.8,,,,,,,,,,
2021-12-13,23.22,,,,,,,,,,
2021-12-14,15.39,,,,,,,,,,
2021-12-15,11.4,,,,,,,,,,
2021-12-16,20.9,,,,,,,,,,
2021-12-17,15.2,,,,,,,,,,
2021-12-18,11.4,,,,,,,,,,
2021-12-19,11.4,,,,,,,,,,
2021-12-20,11.4,,,,,,,,,,
2021-12-21,23.9,,,,,,,,,,
2021-12-22,369.0,,,,,,,,,,
2021-12-23,11.4,,,,,,,,,,
2021-12-24,11.4,,,,,,,,,,
2021-12-25,11.4,,,,,,,,,,
2021-12-26,37.1,,,,,,,,,,
2021-12-27,67.11,,,,,,,,,,
2021-12-28,37.2,,,,,,,,,,
2021-12-29,27.9,,,,,,,,,,
2021-12-30,32.05,,,,,,,,,,
2021-12-31,27.45,,,,,,,,,,
2022-01-01,44.5,,,,,,,,,,
2022-01-02,23.8,,,,,,,,,,
2022-01-03,23.8,,,,,,,,,,
2022-01-04,25.11,,,,,,,,,,
2022-01-05,20.38,,,,,,,,,,
2022-01-06,21.64,,,,,,,,,,
2022-01-07,21.23,,,,,,,,,,
2022-01-08,19.7,,,,,,,,,,
2022-01-09,11.4,,,,,,,,,,
2022-01-10,27.9,,,,,,,,,,
2022-01-11,11.4,,,,,,,,,,
2022-01-12,19.7,,,,,,,,,,
2022-01-13,9.6,,,,,,,,,,
2022-01-14,19.7,,,,,,,,,,
2022-01-15,25.19,,,,,,,,,,
2022-01-16,170.46,,,,,,,,,,
2022-01-17,105.08,,,,,,,,,,
2022-01-18,47.25,,,,,,,,,,
2022-01-19,44.5,,,,,,,,,,
2022-01-20,11.5,,,,,,,,,,
2022-01-21,144.55,,,,,,,,,,
2022-01-22,126.98,,,,,,,,,,
2022-01-23,78.53,,,,,,,,,,
2022-01-24,52.8,,,,,,,,,,
2022-01-25,52.0,,,,,,,,,,
2022-01-26,44.5,,,,,,,,,,
2022-01-27,19.7,,,,,,,,,,
2022-01-28,33.16,,,,,,,,,,
2022-01-29,27.93,,,,,,,,,,
2022-01-30,39.42,,,,,,,,,,
2022-01-31,16.7,,,,,,,,,,
2022-02-01,51.45,,,,,,,,,,
2022-02-02,19.7,,,,,,,,,,
2022-02-03,23.15,,,,,,,,,,
2022-02-04,25.3,,,,,,,,,,
2022-02-05,28.0,,,,,,,,,,
2022-02-06,72.93,,,,,,,,,,
2022-02-07,79.45,,,,,,,,,,
2022-02-08,47.1,,,,,,,,,,
2022-02-09,29.91,,,,,,,,,,
2022-02-10,41.0,,,,,,,,,,
2022-02-11,18.05,,,,,,,,,,
2022-02-12,31.2,,,,,,,,,,
2022-02-13,43.95,,,,,,,,,,
2022-02-14,27.6,,,,,,,,,,
2022-02-15,11.3,,,,,,,,,,
2022-02-16,20.15,,,,,,,,,,
2022-02-17,29.45,,,,,,,,,,
2022-02-18,22.67,,,,,,,,,,
2022-02-19,10.2,,,,,,,,,,
2022-02-20,149.8,,,,,,,,,,
2022-02-21,52.0,,,,,,,,,,
2022-02-22,84.3,,,,,,,,,,
2022-02-23,74.84,,,,,,,,,,
2022-02-24,54.73,,,,,,,,,,
2022-02-25,58.9,,,,,,,,,,
2022-02-26,24.45,,,,,,,,,,
2022-02-27,28.1,,,,,,,,,,
2022-02-28,38.4,,,,,,,,,,
2022-03-01,13.0,,,,,,,,,,
2022-03-02,29.2,,,,,,,,,,
2022-03-03,38.4,,,,,,,,,,
2022-03-04,23.6,,,,,,,,,,
2022-03-05,38.35,,,,,,,,,,
2022-03-06,34.4,,,,,,,,,,
2022-03-07,26.5,,,,,,,,,,
2022-03-08,25.75,,,,,,,,,,
2022-03-09,28.27,,,,,,,,,,
2022-03-10,26.55,,,,,,,,,,
2022-03-11,18.6,,,,,,,,,,
2022-03-12,21.1,,,,,,,,,,
2022-03-13,34.3,,,,,,,,,,
2022-03-14,18.6,,,,,,,,,,
2022-03-15,39.1,,,,,,,,,,
2022-03-16,45.11,,,,,,,,,,
2022-03-17,31.92,,,,,,,,,,
2022-03-18,41.3,,,,,,,,,,
2022-03-19,32.95,,,,,,,,,,
2022-03-20,39.05,,,,,,,,,,
2022-03-21,23.19,,,,,,,,,,
2022-03-22,35.2,,,,,,,,,,
2022-03-23,117.85,,,,,,,,,,
2022-03-24,214.3,,,,,,,,,,
2022-03-25,242.25,,,,,,,,,,
2022-03-26,127.5,,,,,,,,,,
2022-03-27,59.1,,,,,,,,,,
2022-03-28,60.46,,,,,,,,,,
2022-03-29,27.3,,,,,,,,,,
2022-03-30,98.7,,,,,,,,,,
2022-03-31,83.2,,,,,,,,,,
2022-04-01,23.55,,,,,,,,,,
2022-04-02,45.81,,,,,,,,,,
2022-04-03,30.64,,,,,,,,,,
2022-04-04,99.0,,,,,,,,,,
2022-04-05,19.02,,,,,,,,,,
2022-04-06,26.4,,,,,,,,,,
2022-04-07,38.9,,,,,,,,,,
2022-04-08,28.68,,,,,,,,,,
2022-04-09,25.9,,,,,,,,,,
2022-04-10,38.9,,,,,,,,,,
2022-04-11,31.35,,,,,,,,,,
2022-04-12,31.3,,,,,,,,,,
2022-04-13,17.1,,,,,,,,,,
2022-04-14,15.5,,,,,,,,,,
2022-04-15,23.9,,,,,,,,,,
2022-04-16,42.5,,,,,,,,,,
2022-04-17,98.0,,,,,,,,,,
2022-04-18,120.1,,,,,,,,,,
2022-04-19,48.97,,,,,,,,,,
2022-04-20,34.9,,,,,,,,,,
2022-04-21,33.9,,,,,,,,,,
2022-04-22,46.12,,,,,,,,,,
2022-04-23,61.3,,,,,,,,,,
2022-04-24,72.1,,,,,,,,,,
2022-04-25,51.0,,,,,,,,,,
2022-04-26,46.45,,,,,,,,,,
2022-04-27,38.3,,,,,,,,,,
2022-04-28,24.85,,,,,,,,,,
2022-04-29,19.4,,,,,,,,,,
2022-04-30,11.9,,,,,,,,,,
2022-05-01,106.6,,,,,,,,,,
2022-05-02,51.85,,,,,,,,,,
2022-05-03,42.45,,,,,,,,,,
2022-05-04,27.05,,,,,,,,,,
2022-05-05,42.0,,,,,,,,,,
2022-05-06,35.91,,,,,,,,,,
2022-05-07,36.38,,,,,,,,,,
2022-05-08,32.35,,,,,,,,,,
2022-05-09,90.3,,,,,,,,,,
2022-05-10,179.7,,,,,,,,,,
2022-05-11,121.3,,,,,,,,,,
2022-05-12,220.8,,,,,,,,,,
2022-05-13,209.11,,,,,,,,,,
2022-05-14,199.46,,,,,,,,,,
2022-05-15,324.59,,,,,,,,,,
2022-05-16,351.45,,,,,,,,,,
2022-05-17,183.2,,,,,,,,,,
2022-05-18,127.98,,,,,,,,,,
2022-05-19,85.5,,,,,,,,,,
2022-05-20,244.66,,,,,,,,,,
2022-05-21,227.86,,,,,,,,,,
2022-05-22,283.98,,,,,,,,,,
2022-05-23,225.8,,,,,,,,,,
2022-05-24,338.28,,,,,,,,,,
2022-05-25,643.0,,,,,,,,,,
2022-05-26,557.0,,,,,,,,,,
2022-05-27,308.0,,,,,,,,,,
2022-05-28,242.73,,,,,,,,,,
2022-05-29,201.14,,,,,,,,,,
2022-05-30,181.0,,,,,,,,,,
2022-05-31,227.0,,,,,,,,,,
2022-06-01,235.05,,,,,,,,,,
2022-06-02,230.35,,,,,,,,,,
2022-06-03,233.35,,,,,,,,,,
2022-06-04,320.77,,,,,,,,,,
2022-06-05,258.02,,,,,,,,,,
2022-06-06,388.65,,,,,,,,,,
2022-06-07,583.75,,,,,,,,,,
2022-06-08,478.4,,,,,,,,,,
2022-06-09,514.0,,,,,,,,,,
2022-06-10,46.78,,,,,,,,,,
2022-06-11,486.1,,,,,,,,,,
2022-06-12,636.15,,,,,,,,,,
2022-06-13,480.4,,,,,,,,,,
2022-06-14,355.45,,,,,,,,,,
2022-06-15,1226.8,,,,,,,,,,
2022-06-16,755.0,,,,,,,,,,
2022-06-17,492.5,,,,,,,,,,
2022-06-18,421.53,,,,,,,,,,
2022-06-19,316.85,,,,,,,,,,
2022-06-20,269.65,,,,,,,,,,
2022-06-21,245.0,,,,,,,,,,
2022-06-22,247.3,,,,,,,,,,
2022-06-23,216.3,,,,,,,,,,
2022-06-24,276.7,,,,,,,,,,
2022-06-25,200.25,,,,,,,,,,
2022-06-26,256.5,,,,,,,,,,
2022-06-27,227.45,,,,,,,,,,
2022-06-28,144.1,,,,,,,,,,
2022-06-29,279.0,,,,,,,,,,
2022-06-30,238.8,,,,,,,,,,
2022-07-01,203.65,,,,,,,,,,
2022-07-02,168.89,,,,,,,,,,
2022-07-03,171.53,,,,,,,,,,
2022-07-04,228.96,,,,,,,,,,
2022-07-05,209.1,,,,,,,,,,
2022-07-06,218.0,,,,,,,,,,
2022-07-07,226.2,,,,,,,,,,
2022-07-08,129.5,,,,,,,,,,
2022-07-09,219.8,,,,,,,,,,
2022-07-10,142.7,,,,,,,,,,
2022-07-11,128.85,,,,,,,,,,
2022-07-12,125.5,,,,,,,,,,
2022-07-13,142.5,,,,,,,,,,
2022-07-14,91.9,,,,,,,,,,
2022-07-15,90.9,,,,,,,,,,
2022-07-16,92.67,,,,,,,,,,
2022-07-17,81.0,,,,,,,,,,
2022-07-18,100.19,,,,,,,,,,
2022-07-19,138.7,,,,,,,,,,
2022-07-20,98.5,,,,,,,,,,
2022-07-21,147.0,,,,,,,,,,
2022-07-22,172.55,,,,,,,,,,
2022-07-23,102.4,,,,,,,,,,
2022-07-24,119.14,,,,,,,,,,
2022-07-25,92.98,,,,,,,,,,
2022-07-26,72.04,,,,,,,,,,
2022-07-27,98.75,,,,,,,,,,
2022-07-28,76.35,,,,,,,,,,
2022-07-29,61.7,,,,,,,,,,
2022-07-30,79.86,,,,,,,,,,
2022-07-31,81.4,,,,,,,,,,
2022-08-01,111.23,,,,,,,,,,
2022-08-02,84.2,,,,,,,,,,
2022-08-03,129.8,,,,,,,,,,
2022-08-04,84.3,,,,,,,,,,
2022-08-05,133.8,,,,,,,,,,
2022-08-06,180.43,,,,,,,,,,
2022-08-07,202.99,,,,,,,,,,
2022-08-08,141.4,,,,,,,,,,
2022-08-09,85.1,,,,,,,,,,
2022-08-10,81.97,,,,,,,,,,
2022-08-11,236.01,,,,,,,,,,
2022-08-12,389.8,,,,,,,,,,
2022-08-13,138.0,,,,,,,,,,
2022-08-14,125.0,,,,,,,,,,
2022-08-15,110.0,,,,,,,,,,
2022-08-16,84.34,,,,,,,,,,
2022-08-17,95.3,,,,,,,,,,
2022-08-18,105.6,,,,,,,,,,
2022-08-19,107.35,,,,,,,,,,
2022-08-20,187.95,,,,,,,,,,
2022-08-21,131.63,,,,,,,,,,
2022-08-22,117.2,,,,,,,,,,
2022-08-23,117.48,,,,,,,,,,
2022-08-24,88.5,,,,,,,,,,
2022-08-25,102.2,,,,,,,,,,
2022-08-26,373.56,,,,,,,,,,
2022-08-27,192.24,,,,,,,,,,
2022-08-28,258.4,,,,,,,,,,
2022-08-29,130.2,,,,,,,,,,
2022-08-30,212.95,,,,,,,,,,
2022-08-31,142.25,,,,,,,,,,
2022-09-01,119.0,,,,,,,,,,
2022-09-02,97.08,,,,,,,,,,
2022-09-03,136.0,,,,,,,,,,
2022-09-04,128.6,,,,,,,,,,
2022-09-05,108.5,,,,,,,,,,
2022-09-06,78.3,,,,,,,,,,
2022-09-07,67.72,,,,,,,,,,
2022-09-08,108.4,,,,,,,,,,
2022-09-09,145.4,,,,,,,,,,
2022-09-10,89.1,,,,,,,,,,
2022-09-11,177.8,,,,,,,,,,
2022-09-12,297.65,,,,,,,,,,
2022-09-13,215.05,,,,,,,,,,
2022-09-14,207.39,,,,,,,,,,
2022-09-15,154.6,,,,,,,,,,
2022-09-16,365.8,,,,,,,,,,
2022-09-17,318.7,,,,,,,,,,
2022-09-18,248.35,,,,,,,,,,
2022-09-19,154.01,,,,,,,,,,
2022-09-20,154.84,,,,,,,,,,
2022-09-21,142.08,,,,,,,,,,
2022-09-22,102.83,,,,,,,,,,
2022-09-23,98.2,,,,,,,,,,
2022-09-24,93.52,,,,,,,,,,
2022-09-25,81.74,,,,,,,,,,
2022-09-26,108.55,,,,,,,,,,
2022-09-27,69.18,,,,,,,,,,
2022-09-28,63.3,,,,,,,,,,
2022-09-29,87.55,,,,,,,,,,
2022-09-30,180.0,,,,,,,,,,
2022-10-01,99.8,,,,,,,,,,
2022-10-02,133.8,,,,,,,,,,
2022-10-03,195.4,,,,,,,,,,
2022-10-04,81.4,,,,,,,,,,
2022-10-05,112.8,,,,,,,,,,
2022-10-06,94.9,,,,,,,,,,
2022-10-07,66.2,,,,,,,,,,
2022-10-08,67.41,,,,,,,,,,
2022-10-09,56.6,,,,,,,,,,
2022-10-10,50.7,,,,,,,,,,
2022-10-11,46.04,,,,,,,,,,
2022-10-12,50.12,,,,,,,,,,
2022-10-13,37.21,,,,,,,,,,
2022-10-14,34.3,,,,,,,,,,
2022-10-15,36.4,,,,,,,,,,
2022-10-16,43.9,,,,,,,,,,
2022-10-17,42.2,,,,,,,,,,
2022-10-18,34.3,,,,,,,,,,
2022-10-19,34.3,,,,,,,,,,
2022-10-20,30.45,,,,,,,,,,
2022-10-21,34.4,,,,,,,,,,
2022-10-22,42.25,,,,,,,,,,
2022-10-23,42.2,,,,,,,,,,
2022-10-24,26.28,,,,,,,,,,
2022-10-25,27.15,,,,,,,,,,
2022-10-26,18.7,,,,,,,,,,
2022-10-27,18.7,,,,,,,,,,
2022-10-28,25.9,,,,,,,,,,
2022-10-29,19.0,,,,,,,,,,
2022-10-30,23.9,,,,,,,,,,
2022-10-31,27.0,,,,,,,,,,
2022-11-01,15.0,,,,,,,,,,
2022-11-02,11.6,,,,,,,,,,
2022-11-03,20.0,,,,,,,,,,
2022-11-04,19.0,,,,,,,,,,
2022-11-05,11.0,,,,,,,,,,
2022-11-06,3.0,,,,,,,,,,
2022-11-07,7.8,,,,,,,,,,
2022-11-08,76.8,,,,,,,,,,
2022-11-09,20.5,,,,,,,,,,
2022-11-10,34.7,,,,,,,,,,
2022-11-11,51.0,,,,,,,,,,
2022-11-12,27.0,,,,,,,,,,
2022-11-13,27.0,,,,,,,,,,
2022-11-14,19.0,,,,,,,,,,
2022-11-15,35.0,,,,,,,,,,
2022-11-16,30.48,,,,,,,,,,
2022-11-17,11.0,,,,,,,,,,
2022-11-18,11.0,,,,,,,,,,
2022-11-19,11.0,,,,,,,,,,
2022-11-20,19.35,,,,,,,,,,
2022-11-21,23.2,,,,,,,,,,
2022-11-22,24.4,,,,,,,,,,
2022-11-23,11.0,,,,,,,,,,
2022-11-24,10.8,,,,,,,,,,
2022-11-25,73.0,,,,,,,,,,
2022-11-26,340.9,,,,,,,,,,
2022-11-27,370.9,,,,,,,,,,
2022-11-28,147.0,,,,,,,,,,
2022-11-29,79.3,,,,,,,,,,
2022-11-30,75.9,,,,,,,,,,
2022-12-01,180.0,,,,,,,,,,
2022-12-02,19.0,,,,,,,,,,
2022-12-03,11.0,,,,,,,,,,
2022-12-04,39.6,,,,,,,,,,
2022-12-05,42.87,,,,,,,,,,
2022-12-06,19.0,,,,,,,,,,
2022-12-07,30.82,,,,,,,,,,
2022-12-08,19.0,,,,,,,,,,
2022-12-09,51.0,,,,,,,,,,
2022-12-10,33.8,,,,,,,,,,
2022-12-11,48.3,,,,,,,,,,
2022-12-12,59.0,,,,,,,,,,
2022-12-13,43.0,,,,,,,,,,
2022-12-14,35.0,,,,,,,,,,
2022-12-15,11.0,,,,,,,,,,
2022-12-16,14.0,,,,,,,,,,
2022-12-17,13.9,,,,,,,,,,
2022-12-18,8.2,,,,,,,,,,
2022-12-19,24.18,,,,,,,,,,
2022-12-20,22.19,,,,,,,,,,
2022-12-21,25.58,,,,,,,,,,
2022-12-22,22.0,,,,,,,,,,
2022-12-23,25.67,,,,,,,,,,
2022-12-24,30.22,,,,,,,,,,
2022-12-25,34.9,,,,,,,,,,
2022-12-26,20.91,,,,,,,,,,
2022-12-27,42.2,,,,,,,,,,
2022-12-28,18.6,,,,,,,,,,
2022-12-29,91.25,,,,,,,,,,
2022-12-30,88.7,,,,,,,,,,
2022-12-31,10.8,,,,,,,,,,
2023-01-01,36.3,,,,,,,,,,
2023-01-02,18.6,,,,,,,,,,
2023-01-03,65.7,,,,,,,,,,
2023-01-04,65.7,,,,,,,,,,
2023-01-05,18.6,,,,,,,,,,
2023-01-06,39.33,,,,,,,,,,
2023-01-07,22.72,,,,,,,,,,
2023-01-08,19.31,,,,,,,,,,
2023-01-09,29.9,,,,,,,,,,
2023-01-10,10.6,,,,,,,,,,
2023-01-11,28.06,,,,,,,,,,
2023-01-12,16.36,,,,,,,,,,
2023-01-13,24.61,,,,,,,,,,
2023-01-14,18.07,,,,,,,,,,
2023-01-15,10.57,,,,,,,,,,
2023-01-16,19.09,,,,,,,,,,
2023-01-17,10.5,,,,,,,,,,
2023-01-18,18.0,,,,,,,,,,
2023-01-19,12.42,,,,,,,,,,
2023-01-20,18.58,,,,,,,,,,
2023-01-21,18.2,,,,,,,,,,
2023-01-22,45.3,,,,,,,,,,
2023-01-23,17.9,,,,,,,,,,
2023-01-24,25.5,,,,,,,,,,
2023-01-25,25.5,,,,,,,,,,
2023-01-26,25.0,,,,,,,,,,
2023-01-27,18.12,,,,,,,,,,
2023-01-28,24.59,,,,,,,,,,
2023-01-29,13.58,,,,,,,,,,
2023-01-30,10.3,,,,,,,,,,
2023-01-31,18.55,,,,,,,,,,
2023-02-01,19.7,,,,,,,,,,
2023-02-02,19.75,,,,,,,,,,
2023-02-03,15.4,,,,,,,,,,
2023-02-04,18.89,,,,,,,,,,
2023-02-05,33.6,,,,,,,,,,
2023-02-06,55.26,,,,,,,,,,
2023-02-07,28.35,,,,,,,,,,
2023-02-08,26.4,,,,,,,,,,
2023-02-09,21.26,,,,,,,,,,
2023-02-10,20.27,,,,,,,,,,
2023-02-11,32.75,,,,,,,,,,
2023-02-12,20.5,,,,,,,,,,
2023-02-13,12.9,,,,,,,,,,
2023-02-14,17.1,,,,,,,,,,
2023-02-15,9.7,,,,,,,,,,
2023-02-16,22.63,,,,,,,,,,
2023-02-17,9.7,,,,,,,,,,
2023-02-18,11.45,,,,,,,,,,
2023-02-19,14.85,,,,,,,,,,
2023-02-20,14.54,,,,,,,,,,
2023-02-21,20.72,,,,,,,,,,
2023-02-22,15.64,,,,,,,,,,
2023-02-23,13.6,,,,,,,,,,
2023-02-24,17.1,,,,,,,,,,
2023-02-25,22.63,,,,,,,,,,
2023-02-26,15.43,,,,,,,,,,
2023-02-27,9.2,,,,,,,,,,
2023-02-28,10.35,,,,,,,,,,
2023-03-01,20.9,,,,,,,,,,
2023-03-02,16.95,,,,,,,,,,
2023-03-03,10.72,,,,,,,,,,
2023-03-04,8.55,,,,,,,,,,
2023-03-05,13.15,,,,,,,,,,
2023-03-06,11.71,,,,,,,,,,
2023-03-07,13.58,,,,,,,,,,
2023-03-08,12.1,,,,,,,,,,
2023-03-09,12.3,,,,,,,,,,
2023-03-10,11.21,,,,,,,,,,
2023-03-11,18.3,,,,,,,,,,
2023-03-12,13.3,,,,,,,,,,
2023-03-13,12.4,,,,,,,,,,
2023-03-14,18.6,,,,,,,,,,
2023-03-15,11.98,,,,,,,,,,
2023-03-16,11.6,,,,,,,,,,
2023-03-17,14.8,,,,,,,,,,
2023-03-18,27.04,,,,,,,,,,
2023-03-19,13.48,,,,,,,,,,
2023-03-20,17.38,,,,,,,,,,
2023-03-21,13.22,,,,,,,,,,
2023-03-22,26.35,,,,,,,,,,
2023-03-23,12.52,,,,,,,,,,
2023-03-24,7.4,,,,,,,,,,
2023-03-25,13.8,,,,,,,,,,
2023-03-26,10.76,,,,,,,,,,
2023-03-27,6.05,,,,,,,,,,
2023-03-28,14.6,,,,,,,,,,
2023-03-29,31.24,,,,,,,,,,
2023-03-30,28.18,,,,,,,,,,
2023-03-31,23.55,,,,,,,,,,
2023-04-01,12.42,,,,,,,,,,
2023-04-02,21.75,,,,,,,,,,
2023-04-03,371.43,,,,,,,,,,
2023-04-04,19.92,,,,,,,,,,
2023-04-05,21.25,,,,,,,,,,
2023-04-06,27.15,,,,,,,,,,
2023-04-07,15.46,,,,,,,,,,
2023-04-08,19.7,,,,,,,,,,
2023-04-09,31.55,,,,,,,,,,
2023-04-10,12.3,,,,,,,,,,
2023-04-11,24.2,,,,,,,,,,
2023-04-12,22.5,,,,,,,,,,
2023-04-13,18.47,,,,,,,,,,
2023-04-14,15.45,,,,,,,,,,
2023-04-15,11.02,,,,,,,,,,
2023-04-16,14.2,,,,,,,,,,
2023-04-17,11.24,,,,,,,,,,
2023-04-18,20.31,,,,,,,,,,
2023-04-19,13.45,,,,,,,,,,
2023-04-20,10.07,,,,,,,,,,
2023-04-21,9.0,,,,,,,,,,
2023-04-22,9.8,,,,,,,,,,
2023-04-23,5.5,,,,,,,,,,
2023-04-24,6.72,,,,,,,,,,
2023-04-25,7.45,,,,,,,,,,
2023-04-26,17.3,,,,,,,,,,
2023-04-27,17.3,,,,,,,,,,
2023-04-28,16.0,,,,,,,,,,
2023-04-29,34.6,,,,,,,,,,
2023-04-30,66.1,,,,,,,,,,
2023-05-01,35.2,,,,,,,,,,
2023-05-02,30.6,,,,,,,,,,
2023-05-03,13.0,,,,,,,,,,
2023-05-04,14.38,,,,,,,,,,
2023-05-05,12.35,,,,,,,,,,
2023-05-06,14.37,,,,,,,,,,
2023-05-07,14.39,,,,,,,,,,
2023-05-08,9.55,,,,,,,,,,
2023-05-09,12.7,,,,,,,,,,
2023-05-10,9.11,,,,,,,,,,
2023-05-11,13.2,,,,,,,,,,
2023-05-12,14.1,,,,,,,,,,
2023-05-13,31.1,,,,,,,,,,
2023-05-14,24.53,,,,,,,,,,
2023-05-15,32.69,,,,,,,,,,
2023-05-16,39.5,,,,,,,,,,
2023-05-17,65.5,,,,,,,,,,
2023-05-18,24.83,,,,,,,,,,
2023-05-19,21.05,,,,,,,,,,
2023-05-20,10.15,,,,,,,,,,
2023-05-21,10.15,,,,,,,,,,
2023-05-22,15.5,,,,,,,,,,
2023-05-23,18.96,,,,,,,,,,
2023-05-24,14.7,,,,,,,,,,
2023-05-25,9.1,,,,,,,,,,
2023-05-26,52.75,,,,,,,,,,
2023-05-27,18.8,,,,,,,,,,
2023-05-28,19.5,,,,,,,,,,
2023-05-29,18.8,,,,,,,,,,
2023-05-30,15.4,,,,,,,,,,
2023-05-31,13.55,,,,,,,,,,
2023-06-01,12.85,,,,,,,,,,
2023-06-02,12.0,,,,,,,,,,
2023-06-03,283.31,,,,,,,,,,
2023-06-04,70.06,,,,,,,,,,
2023-06-05,36.65,,,,,,,,,,
2023-06-06,33.5,,,,,,,,,,
2023-06-07,29.1,,,,,,,,,,
2023-06-08,28.0,,,,,,,,,,
2023-06-09,38.95,,,,,,,,,,
2023-06-10,57.37,,,,,,,,,,
2023-06-11,46.69,,,,,,,,,,
2023-06-12,34.82,,,,,,,,,,
2023-06-13,163.56,,,,,,,,,,
2023-06-14,139.0,,,,,,,,,,
2023-06-15,317.01,,,,,,,,,,
2023-06-16,220.12,,,,,,,,,,
2023-06-17,196.05,,,,,,,,,,
2023-06-18,207.22,,,,,,,,,,
2023-06-19,232.77,,,,,,,,,,
2023-06-20,209.69,,,,,,,,,,
2023-06-21,286.1,,,,,,,,,,
2023-06-22,179.6,,,,,,,,,,
2023-06-23,345.1,,,,,,,,,,
2023-06-24,815.64,,,,,,,,,,
2023-06-25,336.94,,,,,,,,,,
2023-06-26,179.9,,,,,,,,,,
2023-06-27,109.5,,,,,,,,,,
2023-06-28,128.33,,,,,,,,,,
2023-06-29,110.4,,,,,,,,,,
2023-06-30,101.38,,,,,,,,,,
2023-07-01,162.3,,,,,,,,,,
2023-07-02,79.7,,,,,,,,,,
2023-07-03,153.33,,,,,,,,,,
2023-07-04,166.32,,,,,,,,,,
2023-07-05,247.01,,,,,,,,,,
2023-07-06,212.7,,,,,,,,,,
2023-07-07,234.08,,,,,,,,,,
2023-07-08,369.2,,,,,,,,,,
2023-07-09,200.3,,,,,,,,,,
2023-07-10,152.69,,,,,,,,,,
2023-07-11,218.5,,,,,,,,,,
2023-07-12,100.27,,,,,,,,,,
2023-07-13,111.23,,,,,,,,,,
2023-07-14,116.25,,,,,,,,,,
2023-07-15,234.56,,,,,,,,,,
2023-07-16,127.17,,,,,,,,,,
2023-07-17,99.87,,,,,,,,,,
2023-07-18,106.7,,,,,,,,,,
2023-07-19,137.1,,,,,,,,,,
2023-07-20,113.37,,,,,,,,,,
2023-07-21,49.4,,,,,,,,,,
2023-07-22,66.9,,,,,,,,,,
2023-07-23,66.93,,,,,,,,,,
2023-07-24,77.03,,,,,,,,,,
2023-07-25,71.47,,,,,,,,,,
2023-07-26,66.13,,,,,,,,,,
2023-07-27,85.4,,,,,,,,,,
2023-07-28,408.1,,,,,,,,,,
2023-07-29,179.8,,,,,,,,,,
2023-07-30,371.41,,,,,,,,,,
2023-07-31,117.7,,,,,,,,,,
2023-08-01,163.37,,,,,,,,,,
2023-08-02,264.59,,,,,,,,,,
2023-08-03,285.5,,,,,,,,,,
2023-08-04,326.85,,,,,,,,,,
2023-08-05,555.19,,,,,,,,,,
2023-08-06,1094.92,,,,,,,,,,
2023-08-07,1177.35,,,,,,,,,,
2023-08-08,1743.3,,,,,,,,,,
2023-08-09,1067.14,,,,,,,,,,
2023-08-10,747.69,,,,,,,,,,
2023-08-11,607.11,,,,,,,,,,
2023-08-12,597.94,,,,,,,,,,
2023-08-13,455.94,,,,,,,,,,
2023-08-14,410.75,,,,,,,,,,
2023-08-15,330.85,,,,,,,,,,
2023-08-16,306.21,,,,,,,,,,
2023-08-17,234.61,,,,,,,,,,
2023-08-18,255.53,,,,,,,,,,
2023-08-19,204.77,,,,,,,,,,
2023-08-20,274.2,,,,,,,,,,
2023-08-21,298.99,,,,,,,,,,
2023-08-22,238.99,,,,,,,,,,
2023-08-23,241.84,,,,,,,,,,
2023-08-24,241.08,,,,,,,,,,
2023-08-25,356.39,,,,,,,,,,
2023-08-26,329.21,,,,,,,,,,
2023-08-27,265.71,,,,,,,,,,
2023-08-28,282.9,,,,,,,,,,
2023-08-29,197.61,,,,,,,,,,
2023-08-30,153.01,,,,,,,,,,
2023-08-31,139.33,,,,,,,,,,
2023-09-01,121.12,,,,,,,,,,
2023-09-02,100.51,,,,,,,,,,
2023-09-03,96.99,,,,,,,,,,
2023-09-04,108.94,,,,,,,,,,
2023-09-05,119.54,,,,,,,,,,
2023-09-06,92.36,,,,,,,,,,
2023-09-07,82.98,,,,,,,,,,
2023-09-08,81.85,,,,,,,,,,
2023-09-09,78.54,,,,,,,,,,
2023-09-10,77.61,,,,,,,,,,
2023-09-11,75.05,,,,,,,,,,
2023-09-12,160.28,,,,,,,,,,
2023-09-13,238.3,,,,,,,,,,
2023-09-14,117.67,,,,,,,,,,
2023-09-15,100.36,,,,,,,,,,
2023-09-16,77.71,,,,,,,,,,
2023-09-17,78.64,,,,,,,,,,
2023-09-18,71.04,,,,,,,,,,
2023-09-19,175.21,,,,,,,,,,
2023-09-20,108.4,,,,,,,,,,
2023-09-21,97.74,,,,,,,,,,
2023-09-22,227.39,,,,,,,,,,
2023-09-23,132.39,,,,,,,,,,
2023-09-24,194.33,,,,,,,,,,
2023-09-25,97.44,,,,,,,,,,
2023-09-26,98.18,,,,,,,,,,
2023-09-27,132.8,,,,,,,,,,
2023-09-28,168.95,,,,,,,,,,
2023-09-29,108.05,,,,,,,,,,
2023-09-30,79.12,,,,,,,,,,
2023-10-01,150.44,,,,,,,,,,
2023-10-02,147.0,,,,,,,,,,
2023-10-03,93.12,,,,,,,,,,
2023-10-04,76.0,,,,,,,,,,
2023-10-05,67.48,,,,,,,,,,
2023-10-06,247.58,,,,,,,,,,
2023-10-07,151.22,,,,,,,,,,
2023-10-08,105.87,,,,,,,,,,
2023-10-09,82.28,,,,,,,,,,
2023-10-10,68.69,,,,,,,,,,
2023-10-11,76.44,,,,,,,,,,
2023-10-12,58.8,,,,,,,,,,
2023-10-13,74.42,,,,,,,,,,
2023-10-14,56.1,,,,,,,,,,
2023-10-15,53.41,,,,,,,,,,
2023-10-16,49.96,,,,,,,,,,
2023-10-17,45.83,,,,,,,,,,
2023-10-18,42.39,,,,,,,,,,
2023-10-19,41.71,,,,,,,,,,
2023-10-20,36.21,,,,,,,,,,
2023-10-21,35.52,,,,,,,,,,
2023-10-22,34.84,,,,,,,,,,
2023-10-23,36.75,,,,,,,,,,
2023-10-24,28.36,,,,,,,,,,
2023-10-25,34.52,,,,,,,,,,
2023-10-26,34.16,,,,,,,,,,
2023-10-27,32.1,,,,,,,,,,
2023-10-28,43.11,,,,,,,,,,
2023-10-29,46.56,,,,,,,,,,
2023-10-30,38.99,,,,,,,,,,
2023-10-31,36.22,,,,,,,,,,
2023-11-01,36.2,,,,,,,,,,
2023-11-02,36.2,,,,,,,,,,
2023-11-03,11.5,,,,,,,,,,
2023-11-04,28.0,,,,,,,,,,
2023-11-05,25.9,,,,,,,,,,
2023-11-06,28.0,,,,,,,,,,
2023-11-07,36.3,,,,,,,,,,
2023-11-08,141.13,,,,,,,,,,
2023-11-09,83.4,,,,,,,,,,
2023-11-10,39.6,,,,,,,,,,
2023-11-11,19.7,,,,,,,,,,
2023-11-12,45.18,,,,,,,,,,
2023-11-13,46.71,,,,,,,,,,
2023-11-14,19.7,,,,,,,,,,
2023-11-15,40.25,,,,,,,,,,
2023-11-16,47.0,,,,,,,,,,
2023-11-17,28.28,,,,,,,,,,
2023-11-18,37.7,,,,,,,,,,
2023-11-19,24.94,,,,,,,,,,
2023-11-20,27.68,,,,,,,,,,
2023-11-21,32.5,,,,,,,,,,
2023-11-22,19.7,,,,,,,,,,
2023-11-23,26.59,,,,,,,,,,
2023-11-24,19.7,,,,,,,,,,
2023-11-25,21.9,,,,,,,,,,
2023-11-26,20.16,,,,,,,,,,
2023-11-27,13.27,,,,,,,,,,
2023-11-28,27.88,,,,,,,,,,
2023-11-29,36.2,,,,,,,,,,
2023-11-30,19.7,,,,,,,,,,
2023-12-01,16.59,,,,,,,,,,
2023-12-02,22.3,,,,,,,,,,
2023-12-03,18.5,,,,,,,,,,
2023-12-04,16.84,,,,,,,,,,
2023-12-05,52.8,,,,,,,,,,
2023-12-06,33.52,,,,,,,,,,
2023-12-07,11.5,,,,,,,,,,
2023-12-08,35.18,,,,,,,,,,
2023-12-09,11.5,,,,,,,,,,
2023-12-10,17.8,,,,,,,,,,
2023-12-11,11.5,,,,,,,,,,
2023-12-12,22.33,,,,,,,,,,
2023-12-13,18.74,,,,,,,,,,
2023-12-14,20.35,,,,,,,,,,
2023-12-15,11.5,,,,,,,,,,
2023-12-16,11.5,,,,,,,,,,
2023-12-17,36.3,,,,,,,,,,
2023-12-18,11.5,,,,,,,,,,
2023-12-19,19.7,,,,,,,,,,
2023-12-20,19.7,,,,,,,,,,
2023-12-21,33.44,,,,,,,,,,
2023-12-22,33.44,,,,,,,,,,
2023-12-23,13.8,,,,,,,,,,
2023-12-24,11.5,,,,,,,,,,
2023-12-25,7.49,,,,,,,,,,
2023-12-26,11.9,,,,,,,,,,
2023-12-27,19.7,,,,,,,,,,
2023-12-28,13.2,,,,,,,,,,
2023-12-29,11.5,,,,,,,,,,
2023-12-30,11.5,,,,,,,,,,
2023-12-31,11.5,,,,,,,,,,
2024-01-01,12.17,,,,,,,,,,
2024-01-02,23.22,,,,,,,,,,
2024-01-03,16.92,,,,,,,,,,
2024-01-04,16.46,,,,,,,,,,
2024-01-05,11.5,,,,,,,,,,
2024-01-06,19.11,,,,,,,,,,
2024-01-07,15.72,,,,,,,,,,
2024-01-08,13.78,,,,,,,,,,
2024-01-09,36.2,,,,,,,,,,
2024-01-10,19.9,,,,,,,,,,
2024-01-11,22.68,,,,,,,,,,
2024-01-12,21.02,,,,,,,,,,
2024-01-13,24.8,,,,,,,,,,
2024-01-14,19.7,,,,,,,,,,
2024-01-15,11.4,,,,,,,,,,
2024-01-16,65.83,,,,,,,,,,
2024-01-17,83.73,,,,,,,,,,
2024-01-18,82.37,,,,,,,,,,
2024-01-19,44.55,,,,,,,,,,
2024-01-20,32.12,,,,,,,,,,
2024-01-21,27.31,,,,,,,,,,
2024-01-22,19.98,,,,,,,,,,
2024-01-23,13.82,,,,,,,,,,
2024-01-24,25.25,,,,,,,,,,
2024-01-25,26.58,,,,,,,,,,
2024-01-26,14.91,,,,,,,,,,
2024-01-27,14.13,,,,,,,,,,
2024-01-28,44.55,,,,,,,,,,
2024-01-29,20.09,,,,,,,,,,
2024-01-30,29.0,,,,,,,,,,
2024-01-31,28.85,,,,,,,,,,
2024-02-01,29.38,,,,,,,,,,
2024-02-02,20.4,,,,,,,,,,
2024-02-03,17.65,,,,,,,,,,
2024-02-04,15.55,,,,,,,,,,
2024-02-05,11.45,,,,,,,,,,
2024-02-06,12.78,,,,,,,,,,
2024-02-07,16.92,,,,,,,,,,
2024-02-08,17.6,,,,,,,,,,
2024-02-09,16.2,,,,,,,,,,
2024-02-10,11.49,,,,,,,,,,
2024-02-11,11.83,,,,,,,,,,
2024-02-12,11.4,,,,,,,,,,
2024-02-13,11.4,,,,,,,,,,
2024-02-14,12.85,,,,,,,,,,
2024-02-15,19.9,,,,,,,,,,
2024-02-16,13.47,,,,,,,,,,
2024-02-17,18.31,,,,,,,,,,
2024-02-18,16.93,,,,,,,,,,
2024-02-19,11.4,,,,,,,,,,
2024-02-20,11.4,,,,,,,,,,
2024-02-21,11.5,,,,,,,,,,
2024-02-22,11.4,,,,,,,,,,
2024-02-23,11.4,,,,,,,,,,
2024-02-24,11.4,,,,,,,,,,
2024-02-25,11.4,,,,,,,,,,
2024-02-26,11.4,,,,,,,,,,
2024-02-27,11.4,,,,,,,,,,
2024-02-28,13.08,,,,,,,,,,
2024-02-29,11.4,,,,,,,,,,
2024-03-01,19.65,,,,,,,,,,
2024-03-02,18.26,,,,,,,,,,
2024-03-03,21.4,,,,,,,,,,
2024-03-04,15.58,,,,,,,,,,
2024-03-05,13.7,,,,,,,,,,
2024-03-06,19.2,,,,,,,,,,
2024-03-07,11.2,,,,,,,,,,
2024-03-08,10.02,,,,,,,,,,
2024-03-09,14.4,,,,,,,,,,
2024-03-10,14.13,,,,,,,,,,
2024-03-11,11.9,,,,,,,,,,
2024-03-12,11.63,,,,,,,,,,
2024-03-13,12.4,,,,,,,,,,
2024-03-14,15.37,,,,,,,,,,
2024-03-15,22.18,,,,,,,,,,
2024-03-16,19.0,,,,,,,,,,
2024-03-17,11.0,,,,,,,,,,
2024-03-18,13.6,,,,,,,,,,
2024-03-19,11.4,,,,,,,,,,
2024-03-20,11.06,,,,,,,,,,
2024-03-21,11.03,,,,,,,,,,
2024-03-22,11.0,,,,,,,,,,
2024-03-23,11.0,,,,,,,,,,
2024-03-24,11.0,,,,,,,,,,
2024-03-25,11.0,,,,,,,,,,
2024-03-26,11.0,,,,,,,,,,
2024-03-27,11.0,,,,,,,,,,
2024-03-28,11.0,,,,,,,,,,
2024-03-29,43.65,,,,,,,,,,
2024-03-30,11.0,,,,,,,,,,
2024-03-31,11.0,,,,,,,,,,
2024-04-01,11.6,,,,,,,,,,
2024-04-02,13.5,,,,,,,,,,
2024-04-03,10.71,,,,,,,,,,
2024-04-04,13.3,,,,,,,,,,
2024-04-05,14.0,,,,,,,,,,
2024-04-06,13.79,,,,,,,,,,
2024-04-07,10.6,,,,,,,,,,
2024-04-08,10.06,,,,,,,,,,
2024-04-09,11.1,,,,,,,,,,
2024-04-10,11.0,,,,,,,,,,
2024-04-11,11.5,,,,,,,,,,
2024-04-12,11.18,,,,,,,,,,
2024-04-13,9.4,,,,,,,,,,
2024-04-14,10.25,,,,,,,,,,
2024-04-15,8.05,,,,,,,,,,
2024-04-16,7.9,,,,,,,,,,
2024-04-17,6.6,,,,,,,,,,
2024-04-18,5.45,,,,,,,,,,
2024-04-19,10.55,,,,,,,,,,
2024-04-20,17.6,,,,,,,,,,
2024-04-21,37.0,,,,,,,,,,
2024-04-22,9.4,,,,,,,,,,
2024-04-23,14.09,,,,,,,,,,
2024-04-24,13.28,,,,,,,,,,
2024-04-25,36.3,,,,,,,,,,
2024-04-26,44.2,,,,,,,,,,
2024-04-27,18.1,,,,,,,,,,
2024-04-28,13.0,,,,,,,,,,
2024-04-29,11.1,,,,,,,,,,
2024-04-30,11.1,,,,,,,,,,
2024-05-01,12.05,,,,,,,,,,
2024-05-02,30.6,,,,,,,,,,
2024-05-03,22.0,,,,,,,,,,
2024-05-04,30.9,,,,,,,,,,
2024-05-05,19.94,,,,,,,,,,
2024-05-06,31.61,,,,,,,,,,
2024-05-07,77.05,,,,,,,,,,
2024-05-08,27.31,,,,,,,,,,
2024-05-09,95.43,,,,,,,,,,
2024-05-10,199.9,,,,,,,,,,
2024-05-11,34.3,,,,,,,,,,
2024-05-12,26.96,,,,,,,,,,
2024-05-13,24.72,,,,,,,,,,
2024-05-14,34.77,,,,,,,,,,
2024-05-15,42.29,,,,,,,,,,
2024-05-16,44.85,,,,,,,,,,
2024-05-17,48.61,,,,,,,,,,
2024-05-18,54.01,,,,,,,,,,
2024-05-19,37.15,,,,,,,,,,
2024-05-20,100.38,,,,,,,,,,
2024-05-21,51.84,,,,,,,,,,
2024-05-22,69.94,,,,,,,,,,
2024-05-23,34.85,,,,,,,,,,
2024-05-24,29.7,,,,,,,,,,
2024-05-25,383.25,,,,,,,,,,
2024-05-26,508.95,,,,,,,,,,
2024-05-27,224.8,,,,,,,,,,
2024-05-28,168.5,,,,,,,,,,
2024-05-29,123.77,,,,,,,,,,
2024-05-30,165.43,,,,,,,,,,
2024-05-31,104.26,,,,,,,,,,
2024-06-01,90.38,,,,,,,,,,
2024-06-02,83.8,,,,,,,,,,
2024-06-03,105.62,,,,,,,,,,
2024-06-04,155.3,,,,,,,,,,
2024-06-05,98.9,,,,,,,,,,
2024-06-06,294.87,,,,,,,,,,
2024-06-07,310.4,,,,,,,,,,
2024-06-08,427.1,,,,,,,,,,
2024-06-09,418.35,,,,,,,,,,
2024-06-10,731.24,,,,,,,,,,
2024-06-11,387.23,,,,,,,,,,
2024-06-12,305.57,,,,,,,,,,
2024-06-13,352.78,,,,,,,,,,
2024-06-14,237.9,,,,,,,,,,
2024-06-15,361.66,,,,,,,,,,
2024-06-16,490.65,,,,,,,,,,
2024-06-17,339.88,,,,,,,,,,
2024-06-18,303.6,,,,,,,,,,
2024-06-19,105.0,,,,,,,,,,
2024-06-20,281.35,,,,,,,,,,
2024-06-21,194.45,,,,,,,,,,
2024-06-22,211.05,,,,,,,,,,
2024-06-23,201.8,,,,,,,,,,
2024-06-24,200.0,,,,,,,,,,
2024-06-25,183.5,,,,,,,,,,
2024-06-26,194.5,,,,,,,,,,
2024-06-27,168.62,,,,,,,,,,
2024-06-28,181.55,,,,,,,,,,
2024-06-29,191.91,,,,,,,,,,
2024-06-30,378.85,,,,,,,,,,
2024-07-01,259.95,,,,,,,,,,
2024-07-02,244.22,,,,,,,,,,
2024-07-03,624.9,,,,,,,,,,
2024-07-04,394.12,,,,,,,,,,
2024-07-05,324.88,,,,,,,,,,
2024-07-06,279.07,,,,,,,,,,
2024-07-07,434.46,,,,,,,,,,
2024-07-08,308.0,,,,,,,,,,
2024-07-09,437.95,,,,,,,,,,
2024-07-10,589.7,,,,,,,,,,
2024-07-11,524.7,,,,,,,,,,
2024-07-12,361.05,,,,,,,,,,
2024-07-13,282.46,,,,,,,,,,
2024-07-14,298.49,,,,,,,,,,
2024-07-15,217.84,,,,,,,,,,
2024-07-16,172.43,,,,,,,,,,
2024-07-17,150.59,,,,,,,,,,
2024-07-18,139.4,,,,,,,,,,
2024-07-19,155.5,,,,,,,,,,
2024-07-20,132.39,,,,,,,,,,
2024-07-21,464.73,,,,,,,,,,
2024-07-22,238.67,,,,,,,,,,
2024-07-23,195.2,,,,,,,,,,
2024-07-24,123.9,,,,,,,,,,
2024-07-25,285.57,,,,,,,,,,
2024-07-26,180.17,,,,,,,,,,
2024-07-27,144.83,,,,,,,,,,
2024-07-28,208.5,,,,,,,,,,
2024-07-29,233.4,,,,,,,,,,
2024-07-30,1107.32,,,,,,,,,,
2024-07-31,1409.9,,,,,,,,,,
2024-08-01,1036.6,,,,,,,,,,
2024-08-02,987.5,,,,,,,,,,
2024-08-03,698.7,,,,,,,,,,
2024-08-04,529.35,,,,,,,,,,
2024-08-05,429.36,,,,,,,,,,
2024-08-06,406.42,,,,,,,,,,
2024-08-07,512.27,,,,,,,,,,
2024-08-08,361.3,,,,,,,,,,
2024-08-09,312.55,,,,,,,,,,
2024-08-10,281.4,,,,,,,,,,
2024-08-11,292.0,,,,,,,,,,
2024-08-12,334.62,,,,,,,,,,
2024-08-13,380.88,,,,,,,,,,
2024-08-14,319.3,,,,,,,,,,
2024-08-15,280.49,,,,,,,,,,
2024-08-16,196.64,,,,,,,,,,
2024-08-17,196.64,,,,,,,,,,
2024-08-18,155.52,,,,,,,,,,
2024-08-19,219.73,,,,,,,,,,
2024-08-20,180.54,,,,,,,,,,
2024-08-21,297.7,,,,,,,,,,
2024-08-22,267.42,,,,,,,,,,
2024-08-23,273.88,,,,,,,,,,
2024-08-24,353.02,,,,,,,,,,
2024-08-25,311.88,,,,,,,,,,
2024-08-26,317.59,,,,,,,,,,
2024-08-27,319.3,,,,,,,,,,
2024-08-28,239.5,,,,,,,,,,
2024-08-29,176.43,,,,,,,,,,
2024-08-30,213.17,,,,,,,,,,
2024-08-31,178.48,,,,,,,,,,
2024-09-01,140.18,,,,,,,,,,
2024-09-02,125.25,,,,,,,,,,
2024-09-03,109.76,,,,,,,,,,
2024-09-04,109.5,,,,,,,,,,
2024-09-05,104.77,,,,,,,,,,
2024-09-06,101.74,,,,,,,,,,
2024-09-07,134.21,,,,,,,,,,
2024-09-08,1022.0,,,,,,,,,,
2024-09-09,1330.2,,,,,,,,,,
2024-09-10,1023.0,,,,,,,,,,
2024-09-11,331.15,,,,,,,,,,
2024-09-12,335.0,,,,,,,,,,
2024-09-13,305.0,,,,,,,,,,
2024-09-14,195.75,,,,,,,,,,
2024-09-15,166.9,,,,,,,,,,
2024-09-16,179.9,,,,,,,,,,
2024-09-17,178.3,,,,,,,,,,
2024-09-18,171.0,,,,,,,,,,
2024-09-19,124.5,,,,,,,,,,
2024-09-20,182.0,,,,,,,,,,
2024-09-21,120.7,,,,,,,,,,
2024-09-22,128.0,,,,,,,,,,
2024-09-23,258.83,,,,,,,,,,
2024-09-24,140.13,,,,,,,,,,
2024-09-25,112.0,,,,,,,,,,
2024-09-26,112.0,,,,,,,,,,
2024-09-27,103.6,,,,,,,,,,
2024-09-28,80.0,,,,,,,,,,
2024-09-29,92.19,,,,,,,,,,
2024-09-30,210.7,,,,,,,,,,
2024-10-01,247.63,,,,,,,,,,
2024-10-02,200.5,,,,,,,,,,
2024-10-03,127.0,,,,,,,,,,
2024-10-04,85.25,,,,,,,,,,
2024-10-05,74.0,,,,,,,,,,
2024-10-06,74.5,,,,,,,,,,
2024-10-07,63.6,,,,,,,,,,
2024-10-08,56.9,,,,,,,,,,
2024-10-09,65.08,,,,,,,,,,
2024-10-10,36.0,,,,,,,,,,
2024-10-11,24.0,,,,,,,,,,
2024-10-12,51.5,,,,,,,,,,
2024-10-13,48.2,,,,,,,,,,
2024-10-14,27.0,,,,,,,,,,
2024-10-15,77.0,,,,,,,,,,
2024-10-16,167.3,,,,,,,,,,
2024-10-17,283.83,,,,,,,,,,
2024-10-18,138.4,,,,,,,,,,
2024-10-19,82.6,,,,,,,,,,
2024-10-20,75.75,,,,,,,,,,
2024-10-21,28.0,,,,,,,,,,
2024-10-22,77.0,,,,,,,,,,
2024-10-23,55.0,,,,,,,,,,
2024-10-24,59.5,,,,,,,,,,
2024-10-25,52.83,,,,,,,,,,
2024-10-26,44.08,,,,,,,,,,
2024-10-27,28.0,,,,,,,,,,
2024-10-28,38.41,,,,,,,,,,
2024-10-29,28.3,,,,,,,,,,
2024-10-30,45.58,,,,,,,,,,
2024-10-31,31.3,,,,,,,,,,
2024-11-01,41.45,,,,,,,,,,
2024-11-02,34.75,,,,,,,,,,
2024-11-03,30.1,,,,,,,,,,
2024-11-04,30.65,,,,,,,,,,
2024-11-05,35.83,,,,,,,,,,
2024-11-06,27.66,,,,,,,,,,
2024-11-07,30.25,,,,,,,,,,
2024-11-08,20.25,,,,,,,,,,
2024-11-09,30.6,,,,,,,,,,
2024-11-10,30.33,,,,,,,,,,
2024-11-11,27.45,,,,,,,,,,
2024-11-12,30.77,,,,,,,,,,
2024-11-13,30.15,,,,,,,,,,
2024-11-14,11.4,,,,,,,,,,
2024-11-15,369.04,,,,,,,,,,
2024-11-16,28.7,,,,,,,,,,
2024-11-17,11.0,,,,,,,,,,
2024-11-18,17.33,,,,,,,,,,
2024-11-19,31.2,,,,,,,,,,
2024-11-20,19.5,,,,,,,,,,
2024-11-21,22.2,,,,,,,,,,
2024-11-22,44.0,,,,,,,,,,
2024-11-23,19.0,,,,,,,,,,
2024-11-24,13.16,,,,,,,,,,
2024-11-25,15.3,,,,,,,,,,
2024-11-26,23.5,,,,,,,,,,
2024-11-27,19.75,,,,,,,,,,
2024-11-28,20.25,,,,,,,,,,
2024-11-29,20.0,,,,,,,,,,
2024-11-30,21.58,,,,,,,,,,
2024-12-01,20.0,,,,,,,,,,
2024-12-02,11.0,,,,,,,,,,
2024-12-03,18.75,,,,,,,,,,
2024-12-04,21.66,,,,,,,,,,
2024-12-05,17.5,,,,,,,,,,
2024-12-06,38.75,,,,,,,,,,
2024-12-07,40.0,,,,,,,,,,
2024-12-08,40.0,,,,,,,,,,
2024-12-09,14.9,,,,,,,,,,
2024-12-10,14.97,,,,,,,,,,
2024-12-11,21.75,,,,,,,,,,
2024-12-12,31.16,,,,,,,,,,
2024-12-13,21.83,,,,,,,,,,
2024-12-14,15.25,,,,,,,,,,
2024-12-15,15.66,,,,,,,,,,
2024-12-16,19.16,,,,,,,,,,
2024-12-17,20.33,,,,,,,,,,
2024-12-18,17.58,,,,,,,,,,
2024-12-19,18.4,,,,,,,,,,
2024-12-20,12.0,,,,,,,,,,
2024-12-21,12.0,,,,,,,,,,
2024-12-22,13.4,,,,,,,,,,
2024-12-23,11.6,,,,,,,,,,
2024-12-24,11.0,,,,,,,,,,
2024-12-25,15.33,,,,,,,,,,
2024-12-26,19.5,,,,,,,,,,
2024-12-27,15.91,,,,,,,,,,
2024-12-28,15.66,,,,,,,,,,
2024-12-29,12.9,,,,,,,,,,
2024-12-30,12.9,,,,,,,,,,
2024-12-31,13.9,,,,,,,,,,
2025-01-01,22.08,,,,,,,,,,
2025-01-02,15.75,,,,,,,,,,
2025-01-03,11.71,,,,,,,,,,
2025-01-04,12.0,,,,,,,,,,
2025-01-05,11.0,,,,,,,,,,
2025-01-06,11.0,,,,,,,,,,
2025-01-07,12.0,,,,,,,,,,
2025-01-08,11.6,,,,,,,,,,
2025-01-09,12.0,,,,,,,,,,
2025-01-10,13.25,,,,,,,,,,
2025-01-11,13.08,,,,,,,,,,
2025-01-12,12.0,,,,,,,,,,
2025-01-13,11.6,,,,,,,,,,
2025-01-14,8.5,,,,,,,,,,
2025-01-15,11.0,,,,,,,,,,
2025-01-16,13.25,,,,,,,,,,
2025-01-17,11.0,,,,,,,,,,
2025-01-18,19.0,,,,,,,,,,
2025-01-19,14.5,,,,,,,,,,
2025-01-20,10.75,,,,,,,,,,
2025-01-21,12.0,,,,,,,,,,
2025-01-22,12.0,,,,,,,,,,
2025-01-23,12.0,,,,,,,,,,
2025-01-24,12.0,,,,,,,,,,
2025-01-25,12.0,,,,,,,,,,
2025-01-26,20.0,,,,,,,,,,
2025-01-27,12.0,,,,,,,,,,
2025-01-28,13.0,,,,,,,,,,
2025-01-29,12.0,,,,,,,,,,
2025-01-30,12.0,,,,,,,,,,
2025-01-31,12.0,,,,,,,,,,
2025-02-01,19.0,,,,,,,,,,
2025-02-02,11.0,,,,,,,,,,
2025-02-03,11.0,,,,,,,,,,
2025-02-04,11.0,,,,,,,,,,
2025-02-05,10.3,,,,,,,,,,
2025-02-06,8.5,,,,,,,,,,
2025-02-07,8.25,,,,,,,,,,
2025-02-08,11.0,,,,,,,,,,
2025-02-09,11.0,,,,,,,,,,
2025-02-10,11.2,,,,,,,,,,
2025-02-11,11.4,,,,,,,,,,
2025-02-12,12.5,,,,,,,,,,
2025-02-13,11.3,,,,,,,,,,
2025-02-14,11.0,,,,,,,,,,
2025-02-15,11.0,,,,,,,,,,
2025-02-16,28.0,,,,,,,,,,
2025-02-17,11.0,,,,,,,,,,
2025-02-18,20.0,,,,,,,,,,
2025-02-19,13.08,,,,,,,,,,
2025-02-20,14.16,,,,,,,,,,
2025-02-21,13.3,,,,,,,,,,
2025-02-22,25.7,,,,,,,,,,
2025-02-23,27.9,,,,,,,,,,
2025-02-24,14.6,,,,,,,,,,
2025-02-25,17.5,,,,,,,,,,
2025-02-26,44.0,,,,,,,,,,
2025-02-27,55.66,,,,,,,,,,
2025-02-28,21.8,,,,,,,,,,
2025-03-01,21.8,,,,,,,,,,
2025-03-02,20.0,,,,,,,,,,
2025-03-03,18.0,,,,,,,,,,
2025-03-04,13.8,,,,,,,,,,
2025-03-05,14.0,,,,,,,,,,
2025-03-06,13.1,,,,,,,,,,
2025-03-07,10.9,,,,,,,,,,
2025-03-08,11.0,,,,,,,,,,
2025-03-09,11.0,,,,,,,,,,
2025-03-10,12.7,,,,,,,,,,
2025-03-11,12.33,,,,,,,,,,
2025-03-12,11.0,,,,,,,,,,
2025-03-13,11.0,,,,,,,,,,
2025-03-14,41.8,,,,,,,,,,
2025-03-15,15.5,,,,,,,,,,
2025-03-16,17.4,,,,,,,,,,
2025-03-17,11.08,,,,,,,,,,
2025-03-18,11.2,,,,,,,,,,
2025-03-19,11.58,,,,,,,,,,
2025-03-20,11.0,,,,,,,,,,
2025-03-21,11.3,,,,,,,,,,
2025-03-22,11.2,,,,,,,,,,
2025-03-23,11.3,,,,,,,,,,
2025-03-24,12.9,,,,,,,,,,
2025-03-25,13.5,,,,,,,,,,
2025-03-26,20.0,,,,,,,,,,
2025-03-27,16.0,,,,,,,,,,
2025-03-28,15.0,,,,,,,,,,
2025-03-29,12.9,,,,,,,,,,
2025-03-30,19.0,,,,,,,,,,
2025-03-31,11.5,,,,,,,,,,
2025-04-01,11.0,,,,,,,,,,
2025-04-02,12.16,,,,,,,,,,
2025-04-03,12.0,,,,,,,,,,
2025-04-04,11.5,,,,,,,,,,
2025-04-05,16.2,,,,,,,,,,
2025-04-06,19.5,,,,,,,,,,
2025-04-07,28.0,,,,,,,,,,
2025-04-08,17.41,,,,,,,,,,
2025-04-09,13.66,,,,,,,,,,
2025-04-10,16.83,,,,,,,,,,
2025-04-11,20.16,,,,,,,,,,
2025-04-12,30.0,,,,,,,,,,
2025-04-13,72.0,,,,,,,,,,
2025-04-14,40.41,,,,,,,,,,
2025-04-15,18.91,,,,,,,,,,
2025-04-16,38.0,,,,,,,,,,
2025-04-17,17.5,,,,,,,,,,
2025-04-18,20.16,,,,,,,,,,
2025-04-19,12.5,,,,,,,,,,
2025-04-20,13.83,,,,,,,,,,
2025-04-21,127.75,,,,,,,,,,
2025-04-22,42.83,,,,,,,,,,
2025-04-23,37.0,,,,,,,,,,
2025-04-24,26.41,,,,,,,,,,
2025-04-25,19.75,,,,,,,,,,
2025-04-26,21.41,,,,,,,,,,
2025-04-27,14.0,,,,,,,,,,
2025-04-28,12.4,,,,,,,,,,
2025-04-29,20.0,,,,,,,,,,
2025-04-30,25.33,,,,,,,,,,
2025-05-01,18.0,,,,,,,,,,
2025-05-02,17.75,,,,,,,,,,
2025-05-03,18.5,,,,,,,,,,
2025-05-04,21.5,,,,,,,,,,
2025-05-05,12.5,,,,,,,,,,
2025-05-06,18.0,,,,,,,,,,
2025-05-07,14.0,,,,,,,,,,
2025-05-08,15.4,,,,,,,,,,
2025-05-09,14.75,,,,,,,,,,
2025-05-10,33.8,,,,,,,,,,
2025-05-11,238.2,,,,,,,,,,
2025-05-12,61.0,,,,,,,,,,
2025-05-13,24.0,,,,,,,,,,
2025-05-14,43.2,,,,,,,,,,
2025-05-15,194.4,,,,,,,,,,
2025-05-16,174.0,,,,,,,,,,
2025-05-17,59.0,,,,,,,,,,
2025-05-18,117.5,,,,,,,,,,
2025-05-19,71.0,,,,,,,,,,
2025-05-20,321.42,,,,,,,,,,
2025-05-21,293.83,,,,,,,,,,
2025-05-22,136.58,,,,,,,,,,
2025-05-23,386.16,,,,,,,,,,
2025-05-24,270.0,,,,,,,,,,
2025-05-25,92.0,,,,,,,,,,
2025-05-26,85.0,,,,,,,,,,
2025-05-27,69.8,,,,,,,,,,
2025-05-28,60.5,,,,,,,,,,
2025-05-29,66.0,,,,,,,,,,
2025-05-30,168.0,,,,,,,,,,
2025-05-31,126.05,,,,,,,,,,
2025-06-01,140.0,,,,,,,,,,
2025-06-02,121.0,,,,,,,,,,
2025-06-03,110.8,,,,,,,,,,
2025-06-04,213.4,,,,,,,,,,
2025-06-05,202.2,,,,,,,,,,
2025-06-06,243.5,,,,,,,,,,
2025-06-07,113.0,,,,,,,,,,
2025-06-08,646.83,,,,,,,,,,
2025-06-09,357.0,,,,,,,,,,
2025-06-10,361.0,,,,,,,,,,
2025-06-11,198.0,,,,,,,,,,
2025-06-12,181.0,,,,,,,,,,
2025-06-13,161.0,,,,,,,,,,
2025-06-14,94.6,,,,,,,,,,
2025-06-15,169.75,,,,,,,,,,
2025-06-16,106.5,,,,,,,,,,
2025-06-17,227.0,,,,,,,,,,
2025-06-18,332.0,,,,,,,,,,
2025-06-19,512.75,,,,,,,,,,
2025-06-20,511.0,,,,,,,,,,
2025-06-21,697.0,,,,,,,,,,
2025-06-22,466.5,,,,,,,,,,
2025-06-23,505.5,,,,,,,,,,
2025-06-24,451.5,,,,,,,,,,
2025-06-25,352.0,,,,,,,,,,
2025-06-26,370.0,,,,,,,,,,
2025-06-27,436.0,,,,,,,,,,
2025-06-28,308.0,,,,,,,,,,
2025-06-29,283.0,,,,,,,,,,
,,,,,,,,,,,
